<?xml version="1.0" encoding="UTF-8"?>
<!--
 This is a WordPress eXtended RSS file generated by WordPress as an export of your site.
 It contains information about your site's posts, pages, comments, categories, and other content.
 You may use this file to transfer that content from one site to another.
 This file is not intended to serve as a complete backup of your site.

 To import this information into a WordPress site follow these steps:
 1. Log in to that site as an administrator.
 2. Go to Tools: Import in the WordPress admin panel.
 3. Install the "WordPress" importer from the list.
 4. Activate & Run Importer.
 5. Upload this file using the form provided on that page.
 6. You will first be asked to map the authors in this export file to users
    on the site. For each author, you may choose to map to an
    existing user on the site or to create a new user.
 7. WordPress will then import each of the posts, pages, comments, categories, etc.
    contained in this file into your site.
-->
<!-- generator="WordPress.com" created="2025-03-19 13:43"-->
<rss version="2.0" xmlns:excerpt="http://wordpress.org/export/1.2/excerpt/" xmlns:content="http://purl.org/rss/1.0/modules/content/" xmlns:wfw="http://wellformedweb.org/CommentAPI/" xmlns:dc="http://purl.org/dc/elements/1.1/" xmlns:wp="http://wordpress.org/export/1.2/">
  <channel>
<title>Noemi Pico</title>
<link>https://noemipico.wordpress.com</link>
<description/>
<pubDate>Wed, 19 Mar 2025 13:43:36 +0000</pubDate>
<language>es</language>
<wp:wxr_version>1.2</wp:wxr_version>
<wp:base_site_url>http://wordpress.com/</wp:base_site_url>
<wp:base_blog_url>https://noemipico.wordpress.com</wp:base_blog_url>
<wp:author>
  <wp:author_id>261402326</wp:author_id>
  <wp:author_login>piconoemi162</wp:author_login>
  <wp:author_email>piconoemi162@gmail.com</wp:author_email>
  <wp:author_display_name><![CDATA[Noemi Pico]]></wp:author_display_name>
  <wp:author_first_name><![CDATA[Noemi]]></wp:author_first_name>
  <wp:author_last_name><![CDATA[Pico]]></wp:author_last_name>
</wp:author>
<wp:category>
  <wp:term_id>1</wp:term_id>
  <wp:category_nicename>uncategorized</wp:category_nicename>
  <wp:category_parent/>
  <wp:cat_name><![CDATA[Uncategorized]]></wp:cat_name>
</wp:category>
<generator>http://wordpress.com/</generator>
<image>
		<url>http://s0.wp.com/i/buttonw-com.png</url>
		<title>Noemi Pico</title>
		<link>https://noemipico.wordpress.com</link>
	</image>
	<item>
  <title><![CDATA[Sobre mi]]></title>
  <link>https://noemipico.wordpress.com/sobre-mi/</link>
  <pubDate>Wed, 29 Jan 2025 14:00:35 +0000</pubDate>
  <dc:creator>piconoemi162</dc:creator>
  <guid isPermaLink="false">http://noemipico.wordpress.com/?page_id=1</guid>
  <description/>
  <content:encoded><![CDATA[<!-- wp:group {"metadata":{"name":"Header","categories":["header"],"patternName":"a8c/header-logo-left-menu-centered-social-right"},"align":"full","style":{"spacing":{"padding":{"top":"var:preset|spacing|30","bottom":"var:preset|spacing|30","left":"var(\u002d\u002dwp\u002d\u002dstyle\u002d\u002droot\u002d\u002dpadding-left, var(\u002d\u002dwp\u002d\u002dcustom\u002d\u002dgap\u002d\u002dhorizontal))","right":"var(\u002d\u002dwp\u002d\u002dstyle\u002d\u002droot\u002d\u002dpadding-right, var(\u002d\u002dwp\u002d\u002dcustom\u002d\u002dgap\u002d\u002dhorizontal))"},"margin":{"top":"0","bottom":"0"}}},"layout":{"type":"constrained","justifyContent":"center"}} -->
<div class="wp-block-group alignfull" style="margin-top:0;margin-bottom:0;padding-top:var(--wp--preset--spacing--30);padding-right:var(--wp--style--root--padding-right, var(--wp--custom--gap--horizontal));padding-bottom:var(--wp--preset--spacing--30);padding-left:var(--wp--style--root--padding-left, var(--wp--custom--gap--horizontal))"><!-- wp:group {"tagName":"header","metadata":{"name":"Contents"},"align":"wide","style":{"spacing":{"margin":{"top":"0","bottom":"0"},"blockGap":"var:preset|spacing|40"}},"layout":{"type":"flex","flexWrap":"nowrap","justifyContent":"space-between"}} -->
<header class="wp-block-group alignwide" style="margin-top:0;margin-bottom:0"><!-- wp:group {"className":"grow  md:grow-0","style":{"layout":{"selfStretch":"fixed","flexSize":"25%"}},"layout":{"type":"flex","flexWrap":"nowrap","justifyContent":"left"}} -->
<div class="wp-block-group grow md:grow-0"><!-- wp:site-title /--></div>
<!-- /wp:group -->

<!-- wp:navigation {"ref":3,"className":"order-1 md:order-0","style":{"layout":{"selfStretch":"fit","flexSize":null}},"layout":{"type":"flex","justifyContent":"center"}} /-->

<!-- wp:group {"className":"grow md:grow-0","style":{"spacing":{"blockGap":"var:preset|spacing|20"},"layout":{"selfStretch":"fixed","flexSize":"25%"}},"layout":{"type":"flex","flexWrap":"nowrap","justifyContent":"right"}} -->
<div class="wp-block-group grow md:grow-0"><!-- wp:social-links {"className":"is-style-logos-only","style":{"spacing":{"blockGap":{"left":"8px"}}},"layout":{"type":"flex","flexWrap":"nowrap"}} -->
<ul class="wp-block-social-links is-style-logos-only"><!-- wp:social-link {"url":"https://www.linkedin.com/in/noemi-pico/","service":"linkedin"} /-->

<!-- wp:social-link {"url":"https://github.com/Noemi-Pico","service":"github"} /--></ul>
<!-- /wp:social-links --></div>
<!-- /wp:group --></header>
<!-- /wp:group --></div>
<!-- /wp:group -->

<!-- wp:media-text {"mediaId":20,"mediaLink":"https://noemipico.wordpress.com/sobre-mi/noemi/","mediaType":"image","mediaWidth":34} -->
<div class="wp-block-media-text is-stacked-on-mobile" style="grid-template-columns:34% auto"><figure class="wp-block-media-text__media"><img src="https://noemipico.wordpress.com/wp-content/uploads/2025/02/noemi.jpg?w=678" alt="" class="wp-image-20 size-full" /></figure><div class="wp-block-media-text__content"><!-- wp:paragraph {"placeholder":"Contenido…"} -->
<p>Soy una persona proactiva, organizada y responsable, con buenas relaciones interpersonales. Siempre tengo la mejor disposición para la realización de mis labores. Busco un puesto desafiante donde pueda continuar aprendiendo.</p>
<!-- /wp:paragraph --></div></div>
<!-- /wp:media-text -->

<!-- wp:columns -->
<div class="wp-block-columns"><!-- wp:column -->
<div class="wp-block-column"><!-- wp:details -->
<details class="wp-block-details"><summary>Educación</summary><!-- wp:paragraph {"placeholder":"Teclea / para añadir un bloque oculto"} -->
<p><strong>Tecnóloga en Marketing Digital &amp; Comercio Electrónico</strong> <em>Instituto Universitario Cordillera / Abril 2024 - En curso</em></p>
<!-- /wp:paragraph -->

<!-- wp:paragraph -->
<p><strong>Bachiller en Área Técnica Digitalizadora</strong> Colegio Técnico Luis Napoleón Dillon / Septiembre 2017 - Junio 2023</p>
<!-- /wp:paragraph --></details>
<!-- /wp:details --></div>
<!-- /wp:column -->

<!-- wp:column -->
<div class="wp-block-column"><!-- wp:details -->
<details class="wp-block-details"><summary>Experiencia Laboral</summary><!-- wp:paragraph {"placeholder":"Teclea / para añadir un bloque oculto"} -->
<p><strong>Digitalizadora</strong><strong></strong></p>
<!-- /wp:paragraph -->

<!-- wp:paragraph -->
<p>Empresa AFICONT-Asesoría Contable Financiera</p>
<!-- /wp:paragraph -->

<!-- wp:paragraph -->
<p>Junio 2018 - Septiembre 2018 / Junio 2019 - Septiembre 2019 / Febrero 2024 - abril 2024</p>
<!-- /wp:paragraph -->

<!-- wp:paragraph -->
<p><strong>Atención al cliente</strong><strong></strong></p>
<!-- /wp:paragraph -->

<!-- wp:paragraph -->
<p>Artesanías y Decoraciones Hadassa</p>
<!-- /wp:paragraph -->

<!-- wp:paragraph {"placeholder":"Teclea / para añadir un bloque oculto"} -->
<p>Agosto 2021 - Actualmente</p>
<!-- /wp:paragraph --></details>
<!-- /wp:details --></div>
<!-- /wp:column -->

<!-- wp:column -->
<div class="wp-block-column"><!-- wp:details -->
<details class="wp-block-details"><summary>Certificaciones </summary><!-- wp:paragraph {"placeholder":"Teclea / para añadir un bloque oculto"} -->
<p><strong>FACTURACIÓN ELECTRONICA</strong><em> SRI | 2 </em>horas <em>2022</em></p>
<!-- /wp:paragraph -->

<!-- wp:paragraph -->
<p><strong>COMPROBANTES DE VENTA</strong> SRI | 2 horas 2022</p>
<!-- /wp:paragraph -->

<!-- wp:paragraph -->
<p><strong>IMPUESTO A LA RENTA</strong> SRI | 2 horas 2022</p>
<!-- /wp:paragraph -->

<!-- wp:paragraph -->
<p><strong>MARKETING DE CONTENIDOS</strong> HUBSPOT | Agosto 2024</p>
<!-- /wp:paragraph --></details>
<!-- /wp:details --></div>
<!-- /wp:column --></div>
<!-- /wp:columns -->

<!-- wp:table -->
<figure class="wp-block-table"><table class="has-fixed-layout"><thead><tr><th class="has-text-align-center" data-align="center">Idioma</th><th class="has-text-align-center" data-align="center">Nivel</th></tr></thead><tbody><tr><td class="has-text-align-center" data-align="center">Español</td><td class="has-text-align-center" data-align="center">Nativo</td></tr><tr><td class="has-text-align-center" data-align="center">Inglés</td><td class="has-text-align-center" data-align="center">Bajo</td></tr></tbody></table></figure>
<!-- /wp:table -->

<!-- wp:paragraph -->
<p></p>
<!-- /wp:paragraph -->]]></content:encoded>
  <excerpt:encoded><![CDATA[]]></excerpt:encoded>
  <wp:post_id>1</wp:post_id>
  <wp:post_date>2025-01-29 14:00:35</wp:post_date>
  <wp:post_date_gmt>2025-01-29 14:00:35</wp:post_date_gmt>
  <wp:post_modified>2025-02-12 09:33:18</wp:post_modified>
  <wp:post_modified_gmt>2025-02-12 14:33:18</wp:post_modified_gmt>
  <wp:comment_status>closed</wp:comment_status>
  <wp:ping_status>open</wp:ping_status>
  <wp:post_name>sobre-mi</wp:post_name>
  <wp:status>publish</wp:status>
  <wp:post_parent>0</wp:post_parent>
  <wp:menu_order>0</wp:menu_order>
  <wp:post_type>page</wp:post_type>
  <wp:post_password/>
  <wp:is_sticky>0</wp:is_sticky>
  <wp:postmeta>
    <wp:meta_key>_wp_page_template</wp:meta_key>
    <wp:meta_value><![CDATA[default]]></wp:meta_value>
  </wp:postmeta>
  <wp:postmeta>
    <wp:meta_key>_elasticsearch_data_sharing_indexed_on</wp:meta_key>
    <wp:meta_value><![CDATA[2025-01-29 14:00:38]]></wp:meta_value>
  </wp:postmeta>
  <wp:postmeta>
    <wp:meta_key>_g_feedback_shortcode_87911d1aed509877b83a48ec536f768cdcd22df1</wp:meta_key>
    <wp:meta_value><![CDATA[
				[contact-field label="Nombre" type="name"  required="true" /]
				[contact-field label="Correo electrónico" type="email" required="true" /]
				[contact-field label="Web" type="url" /]
				[contact-field label="Mensaje" type="textarea" /]]]></wp:meta_value>
  </wp:postmeta>
  <wp:postmeta>
    <wp:meta_key>_g_feedback_shortcode_atts_87911d1aed509877b83a48ec536f768cdcd22df1</wp:meta_key>
    <wp:meta_value><![CDATA[a:17:{s:2:"to";s:22:"piconoemi162@gmail.com";s:7:"subject";s:21:"[Noemi Pico] Sobre mi";s:12:"show_subject";s:2:"no";s:6:"widget";i:0;s:14:"block_template";N;s:19:"block_template_part";N;s:2:"id";i:1;s:18:"submit_button_text";s:6:"Enviar";s:14:"customThankyou";s:0:"";s:21:"customThankyouHeading";s:24:"Se ha enviado tu mensaje";s:21:"customThankyouMessage";s:24:"¡Gracias por tu envío!";s:22:"customThankyouRedirect";s:0:"";s:10:"jetpackCRM";b:1;s:9:"className";N;s:9:"postToUrl";N;s:14:"salesforceData";N;s:12:"hiddenFields";N;}]]></wp:meta_value>
  </wp:postmeta>
  <wp:postmeta>
    <wp:meta_key>_last_editor_used_jetpack</wp:meta_key>
    <wp:meta_value><![CDATA[block-editor]]></wp:meta_value>
  </wp:postmeta>
</item>
<item>
  <title><![CDATA[¡Hola mundo!]]></title>
  <link>https://noemipico.wordpress.com/2025/01/29/hello-world/</link>
  <pubDate>Wed, 29 Jan 2025 13:55:36 +0000</pubDate>
  <dc:creator>piconoemi162</dc:creator>
  <guid isPermaLink="false">https://noemipico.wordpress.com/2025/01/29/hello-world/</guid>
  <description/>
  <content:encoded><![CDATA[<!-- wp:paragraph -->
<p>Bienvenido a WordPress Esta es tu primera entrada. Empieza tu andadura en el mundo bloguero editándola o borrándola.</p>
<!-- /wp:paragraph -->]]></content:encoded>
  <excerpt:encoded><![CDATA[]]></excerpt:encoded>
  <wp:post_id>2</wp:post_id>
  <wp:post_date>2025-01-29 13:55:36</wp:post_date>
  <wp:post_date_gmt>2025-01-29 13:55:36</wp:post_date_gmt>
  <wp:post_modified>2025-01-29 13:55:36</wp:post_modified>
  <wp:post_modified_gmt>2025-01-29 13:55:36</wp:post_modified_gmt>
  <wp:comment_status>open</wp:comment_status>
  <wp:ping_status>open</wp:ping_status>
  <wp:post_name>hello-world</wp:post_name>
  <wp:status>publish</wp:status>
  <wp:post_parent>0</wp:post_parent>
  <wp:menu_order>0</wp:menu_order>
  <wp:post_type>post</wp:post_type>
  <wp:post_password/>
  <wp:is_sticky>0</wp:is_sticky>
  <category domain="category" nicename="uncategorized"><![CDATA[Uncategorized]]></category>
  <wp:postmeta>
    <wp:meta_key>_headstart_post</wp:meta_key>
    <wp:meta_value><![CDATA[_hs_extra]]></wp:meta_value>
  </wp:postmeta>
  <wp:postmeta>
    <wp:meta_key>sharing_disabled</wp:meta_key>
    <wp:meta_value><![CDATA[a:1:{i:0;N;}]]></wp:meta_value>
  </wp:postmeta>
  <wp:postmeta>
    <wp:meta_key>switch_like_status</wp:meta_key>
    <wp:meta_value><![CDATA[a:1:{i:0;N;}]]></wp:meta_value>
  </wp:postmeta>
  <wp:postmeta>
    <wp:meta_key>_starter_page_template</wp:meta_key>
    <wp:meta_value><![CDATA[]]></wp:meta_value>
  </wp:postmeta>
  <wp:postmeta>
    <wp:meta_key>_hs_old_id</wp:meta_key>
    <wp:meta_value><![CDATA[4]]></wp:meta_value>
  </wp:postmeta>
  <wp:postmeta>
    <wp:meta_key>_wpas_skip_all_services</wp:meta_key>
    <wp:meta_value><![CDATA[1]]></wp:meta_value>
  </wp:postmeta>
  <wp:postmeta>
    <wp:meta_key>_publicize_pending</wp:meta_key>
    <wp:meta_value><![CDATA[1]]></wp:meta_value>
  </wp:postmeta>
  <wp:postmeta>
    <wp:meta_key>_elasticsearch_data_sharing_indexed_on</wp:meta_key>
    <wp:meta_value><![CDATA[2025-01-29 14:00:37]]></wp:meta_value>
  </wp:postmeta>
</item>
<item>
  <title><![CDATA[Navegación]]></title>
  <link>https://noemipico.wordpress.com/2025/01/29/navigation/</link>
  <pubDate>Wed, 29 Jan 2025 14:00:41 +0000</pubDate>
  <dc:creator>piconoemi162</dc:creator>
  <guid isPermaLink="false">https://noemipico.wordpress.com/2025/01/29/navigation/</guid>
  <description/>
  <content:encoded><![CDATA[<!-- wp:navigation-link {"label":"Inicio","type":"page","id":5,"url":"https://noemipico.wordpress.com/","kind":"post-type"} /-->

<!-- wp:navigation-link {"label":"Sobre mi","type":"page","id":1,"url":"https://noemipico.wordpress.com/sobre-mi/","kind":"post-type"} /-->

<!-- wp:navigation-link {"label":"Contacto","type":"page","id":36,"url":"https://noemipico.wordpress.com/contacto/","kind":"post-type"} /-->

<!-- wp:navigation-link {"label":"Linkedin","url":"https://www.linkedin.com/in/noemi-pico/","kind":"custom"} /-->

<!-- wp:navigation-link {"label":"Curiculum","url":"https://github.com/Noemi-Pico/CV/blob/main/noemi-pico-cv-2025.pdf","kind":"custom"} /-->

<!-- wp:navigation-link {"label":"Blog","type":"page","id":7,"url":"https://noemipico.wordpress.com/blog/","kind":"post-type"} /-->

<!-- wp:navigation-link {"label":"Portafolio","type":"page","id":48,"url":"https://noemipico.wordpress.com/portafolio/","kind":"post-type"} /-->]]></content:encoded>
  <excerpt:encoded><![CDATA[]]></excerpt:encoded>
  <wp:post_id>3</wp:post_id>
  <wp:post_date>2025-01-29 09:00:41</wp:post_date>
  <wp:post_date_gmt>2025-01-29 14:00:41</wp:post_date_gmt>
  <wp:post_modified>2025-02-14 11:48:19</wp:post_modified>
  <wp:post_modified_gmt>2025-02-14 16:48:19</wp:post_modified_gmt>
  <wp:comment_status>closed</wp:comment_status>
  <wp:ping_status>closed</wp:ping_status>
  <wp:post_name>navigation</wp:post_name>
  <wp:status>publish</wp:status>
  <wp:post_parent>0</wp:post_parent>
  <wp:menu_order>0</wp:menu_order>
  <wp:post_type>wp_navigation</wp:post_type>
  <wp:post_password/>
  <wp:is_sticky>0</wp:is_sticky>
</item>
<item>
  <title><![CDATA[Custom Styles]]></title>
  <link>https://noemipico.wordpress.com/2025/01/29/wp-global-styles-pub%2ftwentytwentyfive/</link>
  <pubDate>Wed, 29 Jan 2025 14:01:52 +0000</pubDate>
  <dc:creator>piconoemi162</dc:creator>
  <guid isPermaLink="false">https://noemipico.wordpress.com/2025/01/29/wp-global-styles-pub%2ftwentytwentyfive/</guid>
  <description/>
  <content:encoded><![CDATA[{"version":3,"isGlobalStylesUserThemeJSON":true}]]></content:encoded>
  <excerpt:encoded><![CDATA[]]></excerpt:encoded>
  <wp:post_id>4</wp:post_id>
  <wp:post_date>2025-01-29 09:01:52</wp:post_date>
  <wp:post_date_gmt>2025-01-29 14:01:52</wp:post_date_gmt>
  <wp:post_modified>2025-01-29 09:01:52</wp:post_modified>
  <wp:post_modified_gmt>2025-01-29 14:01:52</wp:post_modified_gmt>
  <wp:comment_status>closed</wp:comment_status>
  <wp:ping_status>closed</wp:ping_status>
  <wp:post_name>wp-global-styles-pub%2ftwentytwentyfive</wp:post_name>
  <wp:status>publish</wp:status>
  <wp:post_parent>0</wp:post_parent>
  <wp:menu_order>0</wp:menu_order>
  <wp:post_type>wp_global_styles</wp:post_type>
  <wp:post_password/>
  <wp:is_sticky>0</wp:is_sticky>
  <category domain="wp_theme" nicename="twentytwentyfive"><![CDATA[twentytwentyfive]]></category>
  <wp:postmeta>
    <wp:meta_key>_publicize_pending</wp:meta_key>
    <wp:meta_value><![CDATA[1]]></wp:meta_value>
  </wp:postmeta>
</item>
<item>
  <title><![CDATA[Inicio]]></title>
  <link>https://noemipico.wordpress.com/</link>
  <pubDate>Wed, 29 Jan 2025 14:07:19 +0000</pubDate>
  <dc:creator>piconoemi162</dc:creator>
  <guid isPermaLink="false">https://noemipico.wordpress.com/?page_id=5</guid>
  <description/>
  <content:encoded><![CDATA[<!-- wp:group {"metadata":{"name":"Header","categories":["header"],"patternName":"a8c/header-logo-left-menu-centered-social-right"},"align":"full","style":{"spacing":{"padding":{"top":"var:preset|spacing|30","bottom":"var:preset|spacing|30","left":"var(\u002d\u002dwp\u002d\u002dstyle\u002d\u002droot\u002d\u002dpadding-left, var(\u002d\u002dwp\u002d\u002dcustom\u002d\u002dgap\u002d\u002dhorizontal))","right":"var(\u002d\u002dwp\u002d\u002dstyle\u002d\u002droot\u002d\u002dpadding-right, var(\u002d\u002dwp\u002d\u002dcustom\u002d\u002dgap\u002d\u002dhorizontal))"},"margin":{"top":"0","bottom":"0"}}},"layout":{"type":"constrained","justifyContent":"center"}} -->
<div class="wp-block-group alignfull" style="margin-top:0;margin-bottom:0;padding-top:var(--wp--preset--spacing--30);padding-right:var(--wp--style--root--padding-right, var(--wp--custom--gap--horizontal));padding-bottom:var(--wp--preset--spacing--30);padding-left:var(--wp--style--root--padding-left, var(--wp--custom--gap--horizontal))"><!-- wp:group {"tagName":"header","metadata":{"name":"Contents"},"align":"wide","style":{"spacing":{"margin":{"top":"0","bottom":"0"},"blockGap":"var:preset|spacing|40"}},"layout":{"type":"flex","flexWrap":"nowrap","justifyContent":"space-between"}} -->
<header class="wp-block-group alignwide" style="margin-top:0;margin-bottom:0"><!-- wp:group {"className":"grow  md:grow-0","style":{"layout":{"selfStretch":"fixed","flexSize":"25%"}},"layout":{"type":"flex","flexWrap":"nowrap","justifyContent":"left"}} -->
<div class="wp-block-group grow md:grow-0"><!-- wp:site-title /--></div>
<!-- /wp:group -->

<!-- wp:navigation {"ref":3,"className":"order-1 md:order-0","style":{"layout":{"selfStretch":"fit","flexSize":null}},"layout":{"type":"flex","justifyContent":"center"}} /-->

<!-- wp:group {"className":"grow md:grow-0","style":{"spacing":{"blockGap":"var:preset|spacing|20"},"layout":{"selfStretch":"fixed","flexSize":"25%"}},"layout":{"type":"flex","flexWrap":"nowrap","justifyContent":"right"}} -->
<div class="wp-block-group grow md:grow-0"><!-- wp:social-links {"className":"is-style-logos-only","style":{"spacing":{"blockGap":{"left":"8px"}}},"layout":{"type":"flex","flexWrap":"nowrap"}} -->
<ul class="wp-block-social-links is-style-logos-only"><!-- wp:social-link {"url":"https://www.linkedin.com/in/noemi-pico/","service":"linkedin"} /-->

<!-- wp:social-link {"url":"https://github.com/Noemi-Pico","service":"github"} /--></ul>
<!-- /wp:social-links --></div>
<!-- /wp:group --></header>
<!-- /wp:group --></div>
<!-- /wp:group -->

<!-- wp:media-text {"align":"full","mediaId":13,"mediaLink":"https://noemipico.wordpress.com/whatsapp-image-2025-01-29-at-9-23-13-am/","mediaType":"image","mediaWidth":49,"imageFill":true} -->
<div class="wp-block-media-text alignfull is-stacked-on-mobile is-image-fill-element" style="grid-template-columns:49% auto"><figure class="wp-block-media-text__media"><img src="https://noemipico.wordpress.com/wp-content/uploads/2025/01/whatsapp-image-2025-01-29-at-9.23.13-am.jpeg?w=500" alt="" class="wp-image-13 size-full" style="object-position:50% 50%" /></figure><div class="wp-block-media-text__content"><!-- wp:cover {"overlayColor":"background","minHeight":95,"minHeightUnit":"vh"} -->
<div class="wp-block-cover is-light" style="min-height:95vh"><span aria-hidden="true" class="wp-block-cover__background has-background-background-color has-background-dim-100 has-background-dim"></span><div class="wp-block-cover__inner-container"><!-- wp:image {"id":8,"width":200,"height":200,"sizeSlug":"large","linkDestination":"none","align":"center","className":"is-style-rounded"} -->
<figure class="wp-block-image aligncenter size-large is-resized is-style-rounded"><img src="https://noemipico.wordpress.com/wp-content/uploads/2025/01/whatsapp-image-2025-01-29-at-9.09.46-am.jpeg?w=678" alt="" class="wp-image-8" style="width:200px;height:200px" /></figure>
<!-- /wp:image -->

<!-- wp:heading {"textAlign":"center","level":1,"style":{"elements":{"link":{"color":{"text":"var:preset|color|primary"}}}},"textColor":"primary"} -->
<h1 class="wp-block-heading has-text-align-center has-primary-color has-text-color has-link-color"><strong>Noemi Pico</strong></h1>
<!-- /wp:heading -->

<!-- wp:paragraph {"align":"center","style":{"elements":{"link":{"color":{"text":"var:preset|color|primary"}}}},"backgroundColor":"background","textColor":"primary"} -->
<p class="has-text-align-center has-primary-color has-background-background-color has-text-color has-background has-link-color">Soy una persona proactiva, organizada y responsable, con buenas relaciones interpersonales. Siempre tengo la mejor disposición para la realización de mis labores. Busco un puesto desafiante donde pueda continuar aprendiendo.</p>
<!-- /wp:paragraph -->

<!-- wp:social-links {"align":"center","className":"is-style-default"} -->
<ul class="wp-block-social-links aligncenter is-style-default"><!-- wp:social-link {"url":"https://www.linkedin.com/in/noemi-pico/","service":"linkedin"} /-->

<!-- wp:social-link {"url":"https://github.com/Noemi-Pico","service":"github"} /--></ul>
<!-- /wp:social-links --></div></div>
<!-- /wp:cover --></div></div>
<!-- /wp:media-text -->]]></content:encoded>
  <excerpt:encoded><![CDATA[]]></excerpt:encoded>
  <wp:post_id>5</wp:post_id>
  <wp:post_date>2025-01-29 09:07:19</wp:post_date>
  <wp:post_date_gmt>2025-01-29 14:07:19</wp:post_date_gmt>
  <wp:post_modified>2025-01-29 09:42:13</wp:post_modified>
  <wp:post_modified_gmt>2025-01-29 14:42:13</wp:post_modified_gmt>
  <wp:comment_status>closed</wp:comment_status>
  <wp:ping_status>closed</wp:ping_status>
  <wp:post_name>inicio</wp:post_name>
  <wp:status>publish</wp:status>
  <wp:post_parent>0</wp:post_parent>
  <wp:menu_order>0</wp:menu_order>
  <wp:post_type>page</wp:post_type>
  <wp:post_password/>
  <wp:is_sticky>0</wp:is_sticky>
  <wp:postmeta>
    <wp:meta_key>_tft_homepage_template</wp:meta_key>
    <wp:meta_value><![CDATA[pub/baker]]></wp:meta_value>
  </wp:postmeta>
  <wp:postmeta>
    <wp:meta_key>_publicize_pending</wp:meta_key>
    <wp:meta_value><![CDATA[1]]></wp:meta_value>
  </wp:postmeta>
  <wp:postmeta>
    <wp:meta_key>_elasticsearch_data_sharing_indexed_on</wp:meta_key>
    <wp:meta_value><![CDATA[2025-01-29 14:07:23]]></wp:meta_value>
  </wp:postmeta>
  <wp:postmeta>
    <wp:meta_key>_g_feedback_shortcode_e14ef65eafbfb7f3fa5ec723ee841b952a4611ba</wp:meta_key>
    <wp:meta_value><![CDATA[
				[contact-field label="Nombre" type="name"  required="true" /]
				[contact-field label="Correo electrónico" type="email" required="true" /]
				[contact-field label="Web" type="url" /]
				[contact-field label="Mensaje" type="textarea" /]]]></wp:meta_value>
  </wp:postmeta>
  <wp:postmeta>
    <wp:meta_key>_g_feedback_shortcode_atts_e14ef65eafbfb7f3fa5ec723ee841b952a4611ba</wp:meta_key>
    <wp:meta_value><![CDATA[a:17:{s:2:"to";s:22:"piconoemi162@gmail.com";s:7:"subject";s:19:"[Noemi Pico] Inicio";s:12:"show_subject";s:2:"no";s:6:"widget";i:0;s:14:"block_template";N;s:19:"block_template_part";N;s:2:"id";i:5;s:18:"submit_button_text";s:6:"Enviar";s:14:"customThankyou";s:0:"";s:21:"customThankyouHeading";s:24:"Se ha enviado tu mensaje";s:21:"customThankyouMessage";s:24:"¡Gracias por tu envío!";s:22:"customThankyouRedirect";s:0:"";s:10:"jetpackCRM";b:1;s:9:"className";N;s:9:"postToUrl";N;s:14:"salesforceData";N;s:12:"hiddenFields";N;}]]></wp:meta_value>
  </wp:postmeta>
  <wp:postmeta>
    <wp:meta_key>_last_editor_used_jetpack</wp:meta_key>
    <wp:meta_value><![CDATA[block-editor]]></wp:meta_value>
  </wp:postmeta>
</item>
<item>
  <title><![CDATA[Blog]]></title>
  <link>https://noemipico.wordpress.com/blog/</link>
  <pubDate>Wed, 29 Jan 2025 14:07:20 +0000</pubDate>
  <dc:creator>piconoemi162</dc:creator>
  <guid isPermaLink="false">https://noemipico.wordpress.com/blog/</guid>
  <description/>
  <content:encoded><![CDATA[]]></content:encoded>
  <excerpt:encoded><![CDATA[]]></excerpt:encoded>
  <wp:post_id>7</wp:post_id>
  <wp:post_date>2025-01-29 09:07:20</wp:post_date>
  <wp:post_date_gmt>2025-01-29 14:07:20</wp:post_date_gmt>
  <wp:post_modified>2025-01-29 09:07:20</wp:post_modified>
  <wp:post_modified_gmt>2025-01-29 14:07:20</wp:post_modified_gmt>
  <wp:comment_status>closed</wp:comment_status>
  <wp:ping_status>closed</wp:ping_status>
  <wp:post_name>blog</wp:post_name>
  <wp:status>publish</wp:status>
  <wp:post_parent>0</wp:post_parent>
  <wp:menu_order>0</wp:menu_order>
  <wp:post_type>page</wp:post_type>
  <wp:post_password/>
  <wp:is_sticky>0</wp:is_sticky>
  <wp:postmeta>
    <wp:meta_key>_tft_posts_page</wp:meta_key>
    <wp:meta_value><![CDATA[1]]></wp:meta_value>
  </wp:postmeta>
  <wp:postmeta>
    <wp:meta_key>_publicize_pending</wp:meta_key>
    <wp:meta_value><![CDATA[1]]></wp:meta_value>
  </wp:postmeta>
  <wp:postmeta>
    <wp:meta_key>_elasticsearch_data_sharing_indexed_on</wp:meta_key>
    <wp:meta_value><![CDATA[2025-01-29 14:07:23]]></wp:meta_value>
  </wp:postmeta>
</item>
<item>
  <title><![CDATA[WhatsApp Image 2025-01-29 at 9.09.46 AM]]></title>
  <link>https://noemipico.wordpress.com/inicio/whatsapp-image-2025-01-29-at-9-09-46-am/</link>
  <pubDate>Wed, 29 Jan 2025 14:10:03 +0000</pubDate>
  <dc:creator>piconoemi162</dc:creator>
  <guid isPermaLink="false">http://noemipico.files.wordpress.com/2025/01/whatsapp-image-2025-01-29-at-9.09.46-am.jpeg</guid>
  <description/>
  <content:encoded><![CDATA[]]></content:encoded>
  <excerpt:encoded><![CDATA[]]></excerpt:encoded>
  <wp:post_id>8</wp:post_id>
  <wp:post_date>2025-01-29 09:10:03</wp:post_date>
  <wp:post_date_gmt>2025-01-29 14:10:03</wp:post_date_gmt>
  <wp:post_modified>2025-01-29 09:10:03</wp:post_modified>
  <wp:post_modified_gmt>2025-01-29 14:10:03</wp:post_modified_gmt>
  <wp:comment_status>open</wp:comment_status>
  <wp:ping_status>closed</wp:ping_status>
  <wp:post_name>whatsapp-image-2025-01-29-at-9-09-46-am</wp:post_name>
  <wp:status>inherit</wp:status>
  <wp:post_parent>5</wp:post_parent>
  <wp:menu_order>0</wp:menu_order>
  <wp:post_type>attachment</wp:post_type>
  <wp:post_password/>
  <wp:is_sticky>0</wp:is_sticky>
  <wp:attachment_url>https://noemipico.wordpress.com/wp-content/uploads/2025/01/whatsapp-image-2025-01-29-at-9.09.46-am.jpeg</wp:attachment_url>
  <wp:postmeta>
    <wp:meta_key>_wp_attached_file</wp:meta_key>
    <wp:meta_value><![CDATA[/home/wpcom/public_html/wp-content/blogs.dir/2b2/241190616/files/2025/01/whatsapp-image-2025-01-29-at-9.09.46-am.jpeg]]></wp:meta_value>
  </wp:postmeta>
  <wp:postmeta>
    <wp:meta_key>_wp_attachment_metadata</wp:meta_key>
    <wp:meta_value><![CDATA[a:6:{s:5:"width";i:678;s:6:"height";i:801;s:4:"file";s:117:"/home/wpcom/public_html/wp-content/blogs.dir/2b2/241190616/files/2025/01/whatsapp-image-2025-01-29-at-9.09.46-am.jpeg";s:8:"filesize";i:42338;s:5:"sizes";a:0:{}s:10:"image_meta";a:12:{s:8:"aperture";s:1:"0";s:6:"credit";s:0:"";s:6:"camera";s:0:"";s:7:"caption";s:0:"";s:17:"created_timestamp";s:1:"0";s:9:"copyright";s:0:"";s:12:"focal_length";s:1:"0";s:3:"iso";s:1:"0";s:13:"shutter_speed";s:1:"0";s:5:"title";s:0:"";s:11:"orientation";s:1:"0";s:8:"keywords";a:0:{}}}]]></wp:meta_value>
  </wp:postmeta>
</item>
<item>
  <title><![CDATA[playa]]></title>
  <link>https://noemipico.wordpress.com/inicio/playa/</link>
  <pubDate>Wed, 29 Jan 2025 14:17:18 +0000</pubDate>
  <dc:creator>piconoemi162</dc:creator>
  <guid isPermaLink="false">http://noemipico.files.wordpress.com/2025/01/playa.jpg</guid>
  <description/>
  <content:encoded><![CDATA[]]></content:encoded>
  <excerpt:encoded><![CDATA[]]></excerpt:encoded>
  <wp:post_id>10</wp:post_id>
  <wp:post_date>2025-01-29 09:17:18</wp:post_date>
  <wp:post_date_gmt>2025-01-29 14:17:18</wp:post_date_gmt>
  <wp:post_modified>2025-01-29 09:17:18</wp:post_modified>
  <wp:post_modified_gmt>2025-01-29 14:17:18</wp:post_modified_gmt>
  <wp:comment_status>open</wp:comment_status>
  <wp:ping_status>closed</wp:ping_status>
  <wp:post_name>playa</wp:post_name>
  <wp:status>inherit</wp:status>
  <wp:post_parent>5</wp:post_parent>
  <wp:menu_order>0</wp:menu_order>
  <wp:post_type>attachment</wp:post_type>
  <wp:post_password/>
  <wp:is_sticky>0</wp:is_sticky>
  <wp:attachment_url>https://noemipico.wordpress.com/wp-content/uploads/2025/01/playa.jpg</wp:attachment_url>
  <wp:postmeta>
    <wp:meta_key>_wp_attached_file</wp:meta_key>
    <wp:meta_value><![CDATA[/home/wpcom/public_html/wp-content/blogs.dir/2b2/241190616/files/2025/01/playa.jpg]]></wp:meta_value>
  </wp:postmeta>
  <wp:postmeta>
    <wp:meta_key>_wp_attachment_metadata</wp:meta_key>
    <wp:meta_value><![CDATA[a:6:{s:5:"width";i:281;s:6:"height";i:179;s:4:"file";s:82:"/home/wpcom/public_html/wp-content/blogs.dir/2b2/241190616/files/2025/01/playa.jpg";s:8:"filesize";i:8930;s:5:"sizes";a:0:{}s:10:"image_meta";a:12:{s:8:"aperture";s:1:"0";s:6:"credit";s:0:"";s:6:"camera";s:0:"";s:7:"caption";s:0:"";s:17:"created_timestamp";s:1:"0";s:9:"copyright";s:0:"";s:12:"focal_length";s:1:"0";s:3:"iso";s:1:"0";s:13:"shutter_speed";s:1:"0";s:5:"title";s:0:"";s:11:"orientation";s:1:"0";s:8:"keywords";a:0:{}}}]]></wp:meta_value>
  </wp:postmeta>
</item>
<item>
  <title><![CDATA[playa]]></title>
  <link>https://noemipico.wordpress.com/inicio/playa-2/</link>
  <pubDate>Wed, 29 Jan 2025 14:18:05 +0000</pubDate>
  <dc:creator>piconoemi162</dc:creator>
  <guid isPermaLink="false">http://noemipico.files.wordpress.com/2025/01/playa-1.jpg</guid>
  <description/>
  <content:encoded><![CDATA[]]></content:encoded>
  <excerpt:encoded><![CDATA[]]></excerpt:encoded>
  <wp:post_id>11</wp:post_id>
  <wp:post_date>2025-01-29 09:18:05</wp:post_date>
  <wp:post_date_gmt>2025-01-29 14:18:05</wp:post_date_gmt>
  <wp:post_modified>2025-01-29 09:18:05</wp:post_modified>
  <wp:post_modified_gmt>2025-01-29 14:18:05</wp:post_modified_gmt>
  <wp:comment_status>open</wp:comment_status>
  <wp:ping_status>closed</wp:ping_status>
  <wp:post_name>playa-2</wp:post_name>
  <wp:status>inherit</wp:status>
  <wp:post_parent>5</wp:post_parent>
  <wp:menu_order>0</wp:menu_order>
  <wp:post_type>attachment</wp:post_type>
  <wp:post_password/>
  <wp:is_sticky>0</wp:is_sticky>
  <wp:attachment_url>https://noemipico.wordpress.com/wp-content/uploads/2025/01/playa-1.jpg</wp:attachment_url>
  <wp:postmeta>
    <wp:meta_key>_wp_attached_file</wp:meta_key>
    <wp:meta_value><![CDATA[/home/wpcom/public_html/wp-content/blogs.dir/2b2/241190616/files/2025/01/playa-1.jpg]]></wp:meta_value>
  </wp:postmeta>
  <wp:postmeta>
    <wp:meta_key>_wp_attachment_metadata</wp:meta_key>
    <wp:meta_value><![CDATA[a:6:{s:5:"width";i:281;s:6:"height";i:179;s:4:"file";s:84:"/home/wpcom/public_html/wp-content/blogs.dir/2b2/241190616/files/2025/01/playa-1.jpg";s:8:"filesize";i:8930;s:5:"sizes";a:0:{}s:10:"image_meta";a:12:{s:8:"aperture";s:1:"0";s:6:"credit";s:0:"";s:6:"camera";s:0:"";s:7:"caption";s:0:"";s:17:"created_timestamp";s:1:"0";s:9:"copyright";s:0:"";s:12:"focal_length";s:1:"0";s:3:"iso";s:1:"0";s:13:"shutter_speed";s:1:"0";s:5:"title";s:0:"";s:11:"orientation";s:1:"0";s:8:"keywords";a:0:{}}}]]></wp:meta_value>
  </wp:postmeta>
</item>
<item>
  <title><![CDATA[premium_photo-1676494046521-1a0b9270a437]]></title>
  <link>https://noemipico.wordpress.com/inicio/premium_photo-1676494046521-1a0b9270a437/</link>
  <pubDate>Wed, 29 Jan 2025 14:18:27 +0000</pubDate>
  <dc:creator>piconoemi162</dc:creator>
  <guid isPermaLink="false">http://noemipico.files.wordpress.com/2025/01/premium_photo-1676494046521-1a0b9270a437.jpg</guid>
  <description/>
  <content:encoded><![CDATA[]]></content:encoded>
  <excerpt:encoded><![CDATA[]]></excerpt:encoded>
  <wp:post_id>12</wp:post_id>
  <wp:post_date>2025-01-29 09:18:27</wp:post_date>
  <wp:post_date_gmt>2025-01-29 14:18:27</wp:post_date_gmt>
  <wp:post_modified>2025-01-29 09:18:27</wp:post_modified>
  <wp:post_modified_gmt>2025-01-29 14:18:27</wp:post_modified_gmt>
  <wp:comment_status>open</wp:comment_status>
  <wp:ping_status>closed</wp:ping_status>
  <wp:post_name>premium_photo-1676494046521-1a0b9270a437</wp:post_name>
  <wp:status>inherit</wp:status>
  <wp:post_parent>5</wp:post_parent>
  <wp:menu_order>0</wp:menu_order>
  <wp:post_type>attachment</wp:post_type>
  <wp:post_password/>
  <wp:is_sticky>0</wp:is_sticky>
  <wp:attachment_url>https://noemipico.wordpress.com/wp-content/uploads/2025/01/premium_photo-1676494046521-1a0b9270a437.jpg</wp:attachment_url>
  <wp:postmeta>
    <wp:meta_key>_wp_attached_file</wp:meta_key>
    <wp:meta_value><![CDATA[/home/wpcom/public_html/wp-content/blogs.dir/2b2/241190616/files/2025/01/premium_photo-1676494046521-1a0b9270a437.jpg]]></wp:meta_value>
  </wp:postmeta>
  <wp:postmeta>
    <wp:meta_key>_wp_attachment_metadata</wp:meta_key>
    <wp:meta_value><![CDATA[a:6:{s:5:"width";i:3000;s:6:"height";i:4500;s:4:"file";s:117:"/home/wpcom/public_html/wp-content/blogs.dir/2b2/241190616/files/2025/01/premium_photo-1676494046521-1a0b9270a437.jpg";s:8:"filesize";i:1523143;s:5:"sizes";a:0:{}s:10:"image_meta";a:12:{s:8:"aperture";s:1:"0";s:6:"credit";s:0:"";s:6:"camera";s:0:"";s:7:"caption";s:0:"";s:17:"created_timestamp";s:1:"0";s:9:"copyright";s:0:"";s:12:"focal_length";s:1:"0";s:3:"iso";s:1:"0";s:13:"shutter_speed";s:1:"0";s:5:"title";s:0:"";s:11:"orientation";s:1:"0";s:8:"keywords";a:0:{}}}]]></wp:meta_value>
  </wp:postmeta>
</item>
<item>
  <title><![CDATA[WhatsApp Image 2025-01-29 at 9.23.13 AM]]></title>
  <link>https://noemipico.wordpress.com/inicio/whatsapp-image-2025-01-29-at-9-23-13-am/</link>
  <pubDate>Wed, 29 Jan 2025 14:23:25 +0000</pubDate>
  <dc:creator>piconoemi162</dc:creator>
  <guid isPermaLink="false">http://noemipico.files.wordpress.com/2025/01/whatsapp-image-2025-01-29-at-9.23.13-am.jpeg</guid>
  <description/>
  <content:encoded><![CDATA[]]></content:encoded>
  <excerpt:encoded><![CDATA[]]></excerpt:encoded>
  <wp:post_id>13</wp:post_id>
  <wp:post_date>2025-01-29 09:23:25</wp:post_date>
  <wp:post_date_gmt>2025-01-29 14:23:25</wp:post_date_gmt>
  <wp:post_modified>2025-01-29 09:23:25</wp:post_modified>
  <wp:post_modified_gmt>2025-01-29 14:23:25</wp:post_modified_gmt>
  <wp:comment_status>open</wp:comment_status>
  <wp:ping_status>closed</wp:ping_status>
  <wp:post_name>whatsapp-image-2025-01-29-at-9-23-13-am</wp:post_name>
  <wp:status>inherit</wp:status>
  <wp:post_parent>5</wp:post_parent>
  <wp:menu_order>0</wp:menu_order>
  <wp:post_type>attachment</wp:post_type>
  <wp:post_password/>
  <wp:is_sticky>0</wp:is_sticky>
  <wp:attachment_url>https://noemipico.wordpress.com/wp-content/uploads/2025/01/whatsapp-image-2025-01-29-at-9.23.13-am.jpeg</wp:attachment_url>
  <wp:postmeta>
    <wp:meta_key>_wp_attached_file</wp:meta_key>
    <wp:meta_value><![CDATA[/home/wpcom/public_html/wp-content/blogs.dir/2b2/241190616/files/2025/01/whatsapp-image-2025-01-29-at-9.23.13-am.jpeg]]></wp:meta_value>
  </wp:postmeta>
  <wp:postmeta>
    <wp:meta_key>_wp_attachment_metadata</wp:meta_key>
    <wp:meta_value><![CDATA[a:6:{s:5:"width";i:640;s:6:"height";i:1312;s:4:"file";s:117:"/home/wpcom/public_html/wp-content/blogs.dir/2b2/241190616/files/2025/01/whatsapp-image-2025-01-29-at-9.23.13-am.jpeg";s:8:"filesize";i:99523;s:5:"sizes";a:0:{}s:10:"image_meta";a:12:{s:8:"aperture";s:1:"0";s:6:"credit";s:0:"";s:6:"camera";s:0:"";s:7:"caption";s:0:"";s:17:"created_timestamp";s:1:"0";s:9:"copyright";s:0:"";s:12:"focal_length";s:1:"0";s:3:"iso";s:1:"0";s:13:"shutter_speed";s:1:"0";s:5:"title";s:0:"";s:11:"orientation";s:1:"0";s:8:"keywords";a:0:{}}}]]></wp:meta_value>
  </wp:postmeta>
</item>
<item>
  <title><![CDATA[noemi]]></title>
  <link>https://noemipico.wordpress.com/sobre-mi/noemi/</link>
  <pubDate>Wed, 12 Feb 2025 13:55:49 +0000</pubDate>
  <dc:creator>piconoemi162</dc:creator>
  <guid isPermaLink="false">http://noemipico.files.wordpress.com/2025/02/noemi.jpg</guid>
  <description/>
  <content:encoded><![CDATA[]]></content:encoded>
  <excerpt:encoded><![CDATA[]]></excerpt:encoded>
  <wp:post_id>20</wp:post_id>
  <wp:post_date>2025-02-12 08:55:49</wp:post_date>
  <wp:post_date_gmt>2025-02-12 13:55:49</wp:post_date_gmt>
  <wp:post_modified>2025-02-12 08:55:49</wp:post_modified>
  <wp:post_modified_gmt>2025-02-12 13:55:49</wp:post_modified_gmt>
  <wp:comment_status>open</wp:comment_status>
  <wp:ping_status>closed</wp:ping_status>
  <wp:post_name>noemi</wp:post_name>
  <wp:status>inherit</wp:status>
  <wp:post_parent>1</wp:post_parent>
  <wp:menu_order>0</wp:menu_order>
  <wp:post_type>attachment</wp:post_type>
  <wp:post_password/>
  <wp:is_sticky>0</wp:is_sticky>
  <wp:attachment_url>https://noemipico.wordpress.com/wp-content/uploads/2025/02/noemi.jpg</wp:attachment_url>
  <wp:postmeta>
    <wp:meta_key>_wp_attached_file</wp:meta_key>
    <wp:meta_value><![CDATA[/home/wpcom/public_html/wp-content/blogs.dir/2b2/241190616/files/2025/02/noemi.jpg]]></wp:meta_value>
  </wp:postmeta>
  <wp:postmeta>
    <wp:meta_key>_wp_attachment_metadata</wp:meta_key>
    <wp:meta_value><![CDATA[a:6:{s:5:"width";i:678;s:6:"height";i:801;s:4:"file";s:82:"/home/wpcom/public_html/wp-content/blogs.dir/2b2/241190616/files/2025/02/noemi.jpg";s:8:"filesize";i:42338;s:5:"sizes";a:0:{}s:10:"image_meta";a:12:{s:8:"aperture";s:1:"0";s:6:"credit";s:0:"";s:6:"camera";s:0:"";s:7:"caption";s:0:"";s:17:"created_timestamp";s:1:"0";s:9:"copyright";s:0:"";s:12:"focal_length";s:1:"0";s:3:"iso";s:1:"0";s:13:"shutter_speed";s:1:"0";s:5:"title";s:0:"";s:11:"orientation";s:1:"0";s:8:"keywords";a:0:{}}}]]></wp:meta_value>
  </wp:postmeta>
</item>
<item>
  <title><![CDATA[Contacto]]></title>
  <link>https://noemipico.wordpress.com/contacto/</link>
  <pubDate>Wed, 12 Feb 2025 14:35:25 +0000</pubDate>
  <dc:creator>piconoemi162</dc:creator>
  <guid isPermaLink="false">https://noemipico.wordpress.com/?page_id=36</guid>
  <description/>
  <content:encoded><![CDATA[<!-- wp:group {"metadata":{"name":"Header","categories":["header"],"patternName":"a8c/header-logo-left-menu-centered-social-right"},"align":"full","style":{"spacing":{"padding":{"top":"var:preset|spacing|30","bottom":"var:preset|spacing|30","left":"var(\u002d\u002dwp\u002d\u002dstyle\u002d\u002droot\u002d\u002dpadding-left, var(\u002d\u002dwp\u002d\u002dcustom\u002d\u002dgap\u002d\u002dhorizontal))","right":"var(\u002d\u002dwp\u002d\u002dstyle\u002d\u002droot\u002d\u002dpadding-right, var(\u002d\u002dwp\u002d\u002dcustom\u002d\u002dgap\u002d\u002dhorizontal))"},"margin":{"top":"0","bottom":"0"}}},"layout":{"type":"constrained","justifyContent":"center"}} -->
<div class="wp-block-group alignfull" style="margin-top:0;margin-bottom:0;padding-top:var(--wp--preset--spacing--30);padding-right:var(--wp--style--root--padding-right, var(--wp--custom--gap--horizontal));padding-bottom:var(--wp--preset--spacing--30);padding-left:var(--wp--style--root--padding-left, var(--wp--custom--gap--horizontal))"><!-- wp:group {"tagName":"header","metadata":{"name":"Contents"},"align":"wide","style":{"spacing":{"margin":{"top":"0","bottom":"0"},"blockGap":"var:preset|spacing|40"}},"layout":{"type":"flex","flexWrap":"nowrap","justifyContent":"space-between"}} -->
<header class="wp-block-group alignwide" style="margin-top:0;margin-bottom:0"><!-- wp:group {"className":"grow  md:grow-0","style":{"layout":{"selfStretch":"fixed","flexSize":"25%"}},"layout":{"type":"flex","flexWrap":"nowrap","justifyContent":"left"}} -->
<div class="wp-block-group grow md:grow-0"><!-- wp:site-title /--></div>
<!-- /wp:group -->

<!-- wp:navigation {"ref":3,"className":"order-1 md:order-0","style":{"layout":{"selfStretch":"fit","flexSize":null}},"layout":{"type":"flex","justifyContent":"center"}} /-->

<!-- wp:group {"className":"grow md:grow-0","style":{"spacing":{"blockGap":"var:preset|spacing|20"},"layout":{"selfStretch":"fixed","flexSize":"25%"}},"layout":{"type":"flex","flexWrap":"nowrap","justifyContent":"right"}} -->
<div class="wp-block-group grow md:grow-0"><!-- wp:social-links {"className":"is-style-logos-only","style":{"spacing":{"blockGap":{"left":"8px"}}},"layout":{"type":"flex","flexWrap":"nowrap"}} -->
<ul class="wp-block-social-links is-style-logos-only"><!-- wp:social-link {"url":"https://github.com/Noemi-Pico","service":"github"} /-->

<!-- wp:social-link {"url":"https://www.linkedin.com/in/noemi-pico/","service":"linkedin"} /--></ul>
<!-- /wp:social-links --></div>
<!-- /wp:group --></header>
<!-- /wp:group --></div>
<!-- /wp:group -->

<!-- wp:group {"metadata":{"name":"Contact"},"align":"full","style":{"spacing":{"margin":{"top":"0","bottom":"0"},"padding":{"top":"var:preset|spacing|50","bottom":"var:preset|spacing|50"}}},"layout":{"type":"constrained","justifyContent":"center"}} -->
<div class="wp-block-group alignfull" style="margin-top:0;margin-bottom:0;padding-top:var(--wp--preset--spacing--50);padding-bottom:var(--wp--preset--spacing--50)"><!-- wp:columns {"align":"wide"} -->
<div class="wp-block-columns alignwide"><!-- wp:column {"verticalAlignment":"center","width":""} -->
<div class="wp-block-column is-vertically-aligned-center"><!-- wp:heading {"fontSize":"x-large"} -->
<h2 class="wp-block-heading has-x-large-font-size">Contáctate Conmigo</h2>
<!-- /wp:heading -->

<!-- wp:paragraph {"className":"is-contact-description"} -->
<p class="is-contact-description">Si buscas estrategias efectivas de marketing digital para hacer crecer tu marca. Contáctame y trabajemos juntos para el éxito de tu negocio.</p>
<!-- /wp:paragraph -->

<!-- wp:spacer {"height":"calc( 0.25 * var(\u002d\u002dwp\u002d\u002dstyle\u002d\u002droot\u002d\u002dpadding-right, var(\u002d\u002dwp\u002d\u002dcustom\u002d\u002dgap\u002d\u002dhorizontal)))"} -->
<div style="height:calc( 0.25 * var(--wp--style--root--padding-right, var(--wp--custom--gap--horizontal)))" aria-hidden="true" class="wp-block-spacer"></div>
<!-- /wp:spacer -->

<!-- wp:jetpack/contact-form {"subject":"","to":"","className":"is-style-default","textColor":"primary","style":{"elements":{"link":{"color":{"text":"var:preset|color|primary"}}}}} -->
<div class="wp-block-jetpack-contact-form is-style-default has-primary-color has-text-color has-link-color"><!-- wp:jetpack/field-name {"required":true,"borderRadius":5,"borderWidth":1} /-->

<!-- wp:jetpack/field-email {"required":true,"borderRadius":5,"borderWidth":1} /-->

<!-- wp:jetpack/field-textarea {"label":"Mensaje","borderRadius":5,"borderWidth":1} /-->

<!-- wp:jetpack/button {"element":"button","text":"Enviar","width":"","lock":{"remove":true}} /--></div>
<!-- /wp:jetpack/contact-form --></div>
<!-- /wp:column -->

<!-- wp:column -->
<div class="wp-block-column"><!-- wp:image {"lightbox":{"enabled":false},"id":39,"aspectRatio":"3/4","scale":"cover","sizeSlug":"full","linkDestination":"none"} -->
<figure class="wp-block-image size-full"><img src="https://noemipico.wordpress.com/wp-content/uploads/2025/02/noemi-contacto.jpg" alt="" class="wp-image-39" style="aspect-ratio:3/4;object-fit:cover" /></figure>
<!-- /wp:image --></div>
<!-- /wp:column --></div>
<!-- /wp:columns --></div>
<!-- /wp:group -->

<!-- wp:paragraph -->
<p></p>
<!-- /wp:paragraph -->

<!-- wp:html -->
[googlemaps https://www.google.com/maps/embed?pb=!1m18!1m12!1m3!1d3989.8036259199926!2d-78.49096462596043!3d-0.1555025354336338!2m3!1f0!2f0!3f0!3m2!1i1024!2i768!4f13.1!3m3!1m2!1s0x91d59aba9e05e6a1%3A0x606478970ed82284!2sInstituto%20Superior%20Tecnol%C3%B3gico%20Cordillera!5e0!3m2!1ses!2sec!4v1739371813899!5m2!1ses!2sec&amp;w=400&amp;h=300]
<!-- /wp:html -->

<!-- wp:paragraph -->
<p></p>
<!-- /wp:paragraph -->]]></content:encoded>
  <excerpt:encoded><![CDATA[]]></excerpt:encoded>
  <wp:post_id>36</wp:post_id>
  <wp:post_date>2025-02-12 09:35:25</wp:post_date>
  <wp:post_date_gmt>2025-02-12 14:35:25</wp:post_date_gmt>
  <wp:post_modified>2025-02-12 19:50:13</wp:post_modified>
  <wp:post_modified_gmt>2025-02-13 00:50:13</wp:post_modified_gmt>
  <wp:comment_status>closed</wp:comment_status>
  <wp:ping_status>closed</wp:ping_status>
  <wp:post_name>contacto</wp:post_name>
  <wp:status>publish</wp:status>
  <wp:post_parent>0</wp:post_parent>
  <wp:menu_order>0</wp:menu_order>
  <wp:post_type>page</wp:post_type>
  <wp:post_password/>
  <wp:is_sticky>0</wp:is_sticky>
  <wp:postmeta>
    <wp:meta_key>_g_feedback_shortcode_ac3e6455cd8b53be7d2834f7ff2415121dd1fdc4</wp:meta_key>
    <wp:meta_value><![CDATA[
				[contact-field label="Nombre" type="name"  required="true" /]
				[contact-field label="Correo electrónico" type="email" required="true" /]
				[contact-field label="Web" type="url" /]
				[contact-field label="Mensaje" type="textarea" /]]]></wp:meta_value>
  </wp:postmeta>
  <wp:postmeta>
    <wp:meta_key>_g_feedback_shortcode_atts_ac3e6455cd8b53be7d2834f7ff2415121dd1fdc4</wp:meta_key>
    <wp:meta_value><![CDATA[a:17:{s:2:"to";s:22:"piconoemi162@gmail.com";s:7:"subject";s:21:"[Noemi Pico] Contacto";s:12:"show_subject";s:2:"no";s:6:"widget";i:0;s:14:"block_template";N;s:19:"block_template_part";N;s:2:"id";i:36;s:18:"submit_button_text";s:6:"Enviar";s:14:"customThankyou";s:0:"";s:21:"customThankyouHeading";s:24:"Se ha enviado tu mensaje";s:21:"customThankyouMessage";s:24:"¡Gracias por tu envío!";s:22:"customThankyouRedirect";s:0:"";s:10:"jetpackCRM";b:1;s:9:"className";N;s:9:"postToUrl";N;s:14:"salesforceData";N;s:12:"hiddenFields";N;}]]></wp:meta_value>
  </wp:postmeta>
  <wp:postmeta>
    <wp:meta_key>_last_editor_used_jetpack</wp:meta_key>
    <wp:meta_value><![CDATA[block-editor]]></wp:meta_value>
  </wp:postmeta>
  <wp:postmeta>
    <wp:meta_key>_publicize_pending</wp:meta_key>
    <wp:meta_value><![CDATA[1]]></wp:meta_value>
  </wp:postmeta>
  <wp:postmeta>
    <wp:meta_key>advanced_seo_description</wp:meta_key>
    <wp:meta_value><![CDATA[]]></wp:meta_value>
  </wp:postmeta>
  <wp:postmeta>
    <wp:meta_key>jetpack_seo_html_title</wp:meta_key>
    <wp:meta_value><![CDATA[]]></wp:meta_value>
  </wp:postmeta>
  <wp:postmeta>
    <wp:meta_key>jetpack_seo_noindex</wp:meta_key>
    <wp:meta_value><![CDATA[]]></wp:meta_value>
  </wp:postmeta>
  <wp:postmeta>
    <wp:meta_key>_jetpack_post_was_ever_published</wp:meta_key>
    <wp:meta_value><![CDATA[]]></wp:meta_value>
  </wp:postmeta>
  <wp:postmeta>
    <wp:meta_key>reader_suggested_tags</wp:meta_key>
    <wp:meta_value><![CDATA[]]></wp:meta_value>
  </wp:postmeta>
  <wp:postmeta>
    <wp:meta_key>_starter_page_template</wp:meta_key>
    <wp:meta_value><![CDATA[contact-tall-image-with-form]]></wp:meta_value>
  </wp:postmeta>
  <wp:postmeta>
    <wp:meta_key>_wpcom_template_layout_category</wp:meta_key>
    <wp:meta_value><![CDATA[a:1:{i:0;s:7:"contact";}]]></wp:meta_value>
  </wp:postmeta>
  <wp:postmeta>
    <wp:meta_key>footnotes</wp:meta_key>
    <wp:meta_value><![CDATA[]]></wp:meta_value>
  </wp:postmeta>
  <wp:postmeta>
    <wp:meta_key>_g_feedback_shortcode_4559eda9bf89e1e97fdbb0b2b04f82d3d8bfa341</wp:meta_key>
    <wp:meta_value><![CDATA[
<div class="wp-block-jetpack-contact-form is-style-default has-primary-color has-text-color has-link-color">[contact-field required="1" borderRadius="5" borderWidth="1" type="name" label="Nombre"/]

[contact-field required="1" borderRadius="5" borderWidth="1" type="email" label="Correo electrónico"/]

[contact-field label="Mensaje" borderRadius="5" borderWidth="1" type="textarea"/]

<div class="wp-block-jetpack-button wp-block-button" style="width: ;"><button class="wp-block-button__link" style="" data-id-attr="placeholder" type="submit">Enviar</button></div></div>
]]></wp:meta_value>
  </wp:postmeta>
  <wp:postmeta>
    <wp:meta_key>_g_feedback_shortcode_atts_4559eda9bf89e1e97fdbb0b2b04f82d3d8bfa341</wp:meta_key>
    <wp:meta_value><![CDATA[a:17:{s:2:"to";s:0:"";s:7:"subject";s:0:"";s:12:"show_subject";s:2:"no";s:6:"widget";i:0;s:14:"block_template";N;s:19:"block_template_part";N;s:2:"id";i:36;s:18:"submit_button_text";s:6:"Enviar";s:14:"customThankyou";s:0:"";s:21:"customThankyouHeading";s:24:"Se ha enviado tu mensaje";s:21:"customThankyouMessage";s:24:"¡Gracias por tu envío!";s:22:"customThankyouRedirect";s:0:"";s:10:"jetpackCRM";b:1;s:9:"className";s:61:"is-style-default wp-elements-f6026d562b4475b6272f1a53f3a50923";s:9:"postToUrl";N;s:14:"salesforceData";N;s:12:"hiddenFields";N;}]]></wp:meta_value>
  </wp:postmeta>
  <wp:postmeta>
    <wp:meta_key>_elasticsearch_data_sharing_indexed_on</wp:meta_key>
    <wp:meta_value><![CDATA[2025-02-12 14:34:48]]></wp:meta_value>
  </wp:postmeta>
</item>
<item>
  <title><![CDATA[noemi-contacto]]></title>
  <link>https://noemipico.wordpress.com/contacto/noemi-contacto/</link>
  <pubDate>Wed, 12 Feb 2025 14:48:53 +0000</pubDate>
  <dc:creator>piconoemi162</dc:creator>
  <guid isPermaLink="false">http://noemipico.files.wordpress.com/2025/02/noemi-contacto.jpg</guid>
  <description/>
  <content:encoded><![CDATA[]]></content:encoded>
  <excerpt:encoded><![CDATA[]]></excerpt:encoded>
  <wp:post_id>39</wp:post_id>
  <wp:post_date>2025-02-12 09:48:53</wp:post_date>
  <wp:post_date_gmt>2025-02-12 14:48:53</wp:post_date_gmt>
  <wp:post_modified>2025-02-12 09:48:53</wp:post_modified>
  <wp:post_modified_gmt>2025-02-12 14:48:53</wp:post_modified_gmt>
  <wp:comment_status>open</wp:comment_status>
  <wp:ping_status>closed</wp:ping_status>
  <wp:post_name>noemi-contacto</wp:post_name>
  <wp:status>inherit</wp:status>
  <wp:post_parent>36</wp:post_parent>
  <wp:menu_order>0</wp:menu_order>
  <wp:post_type>attachment</wp:post_type>
  <wp:post_password/>
  <wp:is_sticky>0</wp:is_sticky>
  <wp:attachment_url>https://noemipico.wordpress.com/wp-content/uploads/2025/02/noemi-contacto.jpg</wp:attachment_url>
  <wp:postmeta>
    <wp:meta_key>_wp_attached_file</wp:meta_key>
    <wp:meta_value><![CDATA[/home/wpcom/public_html/wp-content/blogs.dir/2b2/241190616/files/2025/02/noemi-contacto.jpg]]></wp:meta_value>
  </wp:postmeta>
  <wp:postmeta>
    <wp:meta_key>_wp_attachment_metadata</wp:meta_key>
    <wp:meta_value><![CDATA[a:6:{s:5:"width";i:1080;s:6:"height";i:720;s:4:"file";s:91:"/home/wpcom/public_html/wp-content/blogs.dir/2b2/241190616/files/2025/02/noemi-contacto.jpg";s:8:"filesize";i:52900;s:5:"sizes";a:0:{}s:10:"image_meta";a:12:{s:8:"aperture";s:1:"0";s:6:"credit";s:0:"";s:6:"camera";s:0:"";s:7:"caption";s:0:"";s:17:"created_timestamp";s:1:"0";s:9:"copyright";s:0:"";s:12:"focal_length";s:1:"0";s:3:"iso";s:1:"0";s:13:"shutter_speed";s:1:"0";s:5:"title";s:0:"";s:11:"orientation";s:1:"0";s:8:"keywords";a:0:{}}}]]></wp:meta_value>
  </wp:postmeta>
</item>
<item>
  <title><![CDATA[Portafolio]]></title>
  <link>https://noemipico.wordpress.com/portafolio/</link>
  <pubDate>Fri, 14 Feb 2025 16:10:19 +0000</pubDate>
  <dc:creator>piconoemi162</dc:creator>
  <guid isPermaLink="false">https://noemipico.wordpress.com/?page_id=48</guid>
  <description/>
  <content:encoded><![CDATA[<!-- wp:group {"metadata":{"name":"Header","categories":["header"],"patternName":"a8c/header-logo-left-menu-centered-social-right"},"align":"full","style":{"spacing":{"padding":{"top":"var:preset|spacing|30","bottom":"var:preset|spacing|30","left":"var(\u002d\u002dwp\u002d\u002dstyle\u002d\u002droot\u002d\u002dpadding-left, var(\u002d\u002dwp\u002d\u002dcustom\u002d\u002dgap\u002d\u002dhorizontal))","right":"var(\u002d\u002dwp\u002d\u002dstyle\u002d\u002droot\u002d\u002dpadding-right, var(\u002d\u002dwp\u002d\u002dcustom\u002d\u002dgap\u002d\u002dhorizontal))"},"margin":{"top":"0","bottom":"0"}}},"layout":{"type":"constrained","justifyContent":"center"}} -->
<div class="wp-block-group alignfull" style="margin-top:0;margin-bottom:0;padding-top:var(--wp--preset--spacing--30);padding-right:var(--wp--style--root--padding-right, var(--wp--custom--gap--horizontal));padding-bottom:var(--wp--preset--spacing--30);padding-left:var(--wp--style--root--padding-left, var(--wp--custom--gap--horizontal))"><!-- wp:group {"tagName":"header","metadata":{"name":"Contents"},"align":"wide","style":{"spacing":{"margin":{"top":"0","bottom":"0"},"blockGap":"var:preset|spacing|40"}},"layout":{"type":"flex","flexWrap":"nowrap","justifyContent":"space-between"}} -->
<header class="wp-block-group alignwide" style="margin-top:0;margin-bottom:0"><!-- wp:group {"className":"grow  md:grow-0","style":{"layout":{"selfStretch":"fixed","flexSize":"25%"}},"layout":{"type":"flex","flexWrap":"nowrap","justifyContent":"left"}} -->
<div class="wp-block-group grow md:grow-0"><!-- wp:site-title /--></div>
<!-- /wp:group -->

<!-- wp:navigation {"ref":3,"className":"order-1 md:order-0","style":{"layout":{"selfStretch":"fit","flexSize":null}},"layout":{"type":"flex","justifyContent":"center"}} /-->

<!-- wp:group {"className":"grow md:grow-0","style":{"spacing":{"blockGap":"var:preset|spacing|20"},"layout":{"selfStretch":"fixed","flexSize":"25%"}},"layout":{"type":"flex","flexWrap":"nowrap","justifyContent":"right"}} -->
<div class="wp-block-group grow md:grow-0"><!-- wp:social-links {"className":"is-style-logos-only","style":{"spacing":{"blockGap":{"left":"8px"}}},"layout":{"type":"flex","flexWrap":"nowrap"}} -->
<ul class="wp-block-social-links is-style-logos-only"><!-- wp:social-link {"url":"https://www.linkedin.com/in/noemi-pico/","service":"linkedin"} /-->

<!-- wp:social-link {"url":"https://github.com/Noemi-Pico","service":"github"} /--></ul>
<!-- /wp:social-links --></div>
<!-- /wp:group --></header>
<!-- /wp:group --></div>
<!-- /wp:group -->

<!-- wp:group {"metadata":{"categories":["intro"],"name":"Intro","patternName":"assembler/intro-4"},"align":"full","className":"alignfull","style":{"spacing":{"margin":{"top":"0","bottom":"0"},"padding":{"top":"var:preset|spacing|40","bottom":"var:preset|spacing|40"}}},"layout":{"type":"constrained","justifyContent":"center"}} -->
<div class="wp-block-group alignfull" style="margin-top:0;margin-bottom:0;padding-top:var(--wp--preset--spacing--40);padding-bottom:var(--wp--preset--spacing--40)"><!-- wp:columns {"verticalAlignment":"center","align":"wide"} -->
<div class="wp-block-columns alignwide are-vertically-aligned-center"><!-- wp:column {"verticalAlignment":"center","layout":{"type":"constrained","contentSize":"420px","justifyContent":"left"}} -->
<div class="wp-block-column is-vertically-aligned-center"><!-- wp:heading -->
<h2 class="wp-block-heading">Sitios HTML de Marca Personal</h2>
<!-- /wp:heading -->

<!-- wp:paragraph -->
<p>Sitio Web HTML creado desde cero utilizando el editor Visual Studio Code</p>
<!-- /wp:paragraph -->

<!-- wp:buttons -->
<div class="wp-block-buttons"><!-- wp:button -->
<div class="wp-block-button"><a class="wp-block-button__link wp-element-button" href="https://github.com/Noemi-Pico/Dejavu-Final/tree/main/noemi_pico_dejavu/noemi_pico_dejavu">Ver Más... </a></div>
<!-- /wp:button --></div>
<!-- /wp:buttons --></div>
<!-- /wp:column -->

<!-- wp:column {"verticalAlignment":"center"} -->
<div class="wp-block-column is-vertically-aligned-center"><!-- wp:image {"id":53,"aspectRatio":"1","scale":"cover","sizeSlug":"full","linkDestination":"none"} -->
<figure class="wp-block-image size-full"><img src="https://noemipico.wordpress.com/wp-content/uploads/2025/02/dejavu.jpg" alt="" class="wp-image-53" style="aspect-ratio:1;object-fit:cover" /></figure>
<!-- /wp:image --></div>
<!-- /wp:column --></div>
<!-- /wp:columns --></div>
<!-- /wp:group -->

<!-- wp:group {"metadata":{"categories":["services"],"name":"Services","patternName":"assembler/services-2"},"align":"full","className":"alignfull is-style-section-1","style":{"spacing":{"margin":{"top":"0","bottom":"0"},"blockGap":"var:preset|spacing|30","padding":{"top":"var:preset|spacing|40","bottom":"var:preset|spacing|40"}}},"layout":{"type":"constrained","justifyContent":"center"}} -->
<div class="wp-block-group alignfull is-style-section-1" style="margin-top:0;margin-bottom:0;padding-top:var(--wp--preset--spacing--40);padding-bottom:var(--wp--preset--spacing--40)"><!-- wp:columns {"align":"wide","style":{"spacing":{"blockGap":{"top":"var:preset|spacing|60","left":"var:preset|spacing|20"}}}} -->
<div class="wp-block-columns alignwide"><!-- wp:column {"style":{"spacing":{"blockGap":"0"}}} -->
<div class="wp-block-column"><!-- wp:group {"style":{"spacing":{"blockGap":"var:preset|spacing|30"}},"layout":{"type":"flex","orientation":"vertical","flexWrap":"nowrap"}} -->
<div class="wp-block-group"><!-- wp:image {"id":54,"aspectRatio":"1","scale":"cover","sizeSlug":"large","linkDestination":"none","style":{"color":{"duotone":"unset"}}} -->
<figure class="wp-block-image size-large"><img src="https://noemipico.wordpress.com/wp-content/uploads/2025/02/blog.jpg?w=600" alt="" class="wp-image-54" style="aspect-ratio:1;object-fit:cover" /></figure>
<!-- /wp:image -->

<!-- wp:group {"style":{"spacing":{"blockGap":"8px"}},"layout":{"type":"flex","orientation":"vertical","flexWrap":"nowrap"}} -->
<div class="wp-block-group"><!-- wp:heading {"level":3} -->
<h3 class="wp-block-heading">Blog: Delicias al Horno</h3>
<!-- /wp:heading -->

<!-- wp:paragraph {"style":{"typography":{"fontSize":"20px"}}} -->
<p style="font-size:20px">CMS: Blogger</p>
<!-- /wp:paragraph -->

<!-- wp:paragraph -->
<p>Blog creado desde cero sobre interés pastelero y repostería. </p>
<!-- /wp:paragraph -->

<!-- wp:buttons -->
<div class="wp-block-buttons"><!-- wp:button -->
<div class="wp-block-button"><a class="wp-block-button__link wp-element-button">Ver Más...</a></div>
<!-- /wp:button --></div>
<!-- /wp:buttons --></div>
<!-- /wp:group --></div>
<!-- /wp:group --></div>
<!-- /wp:column -->

<!-- wp:column {"style":{"spacing":{"blockGap":"0"}}} -->
<div class="wp-block-column"><!-- wp:group {"style":{"spacing":{"blockGap":"var:preset|spacing|30"}},"layout":{"type":"flex","orientation":"vertical"}} -->
<div class="wp-block-group"><!-- wp:image {"id":55,"aspectRatio":"1","scale":"cover","sizeSlug":"large","linkDestination":"none","style":{"color":{"duotone":"unset"}}} -->
<figure class="wp-block-image size-large"><img src="https://noemipico.wordpress.com/wp-content/uploads/2025/02/marca-personal.jpg?w=600" alt="" class="wp-image-55" style="aspect-ratio:1;object-fit:cover" /></figure>
<!-- /wp:image -->

<!-- wp:group {"style":{"spacing":{"blockGap":"8px"}},"layout":{"type":"flex","orientation":"vertical","flexWrap":"nowrap"}} -->
<div class="wp-block-group"><!-- wp:heading {"level":3} -->
<h3 class="wp-block-heading">Web: Marca Personal</h3>
<!-- /wp:heading -->

<!-- wp:paragraph {"style":{"typography":{"fontSize":"20px"}}} -->
<p style="font-size:20px">CMS: WordPress Gratuito</p>
<!-- /wp:paragraph -->

<!-- wp:paragraph -->
<p>Web en WordPress diseñada y editada desde cero para la exposición de mi trabajo con equilibrio.</p>
<!-- /wp:paragraph -->

<!-- wp:buttons -->
<div class="wp-block-buttons"><!-- wp:button -->
<div class="wp-block-button"><a class="wp-block-button__link wp-element-button" href="https://noemipico.wordpress.com/portafolio/">Ver Más...</a></div>
<!-- /wp:button --></div>
<!-- /wp:buttons --></div>
<!-- /wp:group --></div>
<!-- /wp:group --></div>
<!-- /wp:column -->

<!-- wp:column {"style":{"spacing":{"blockGap":"0"}}} -->
<div class="wp-block-column"><!-- wp:group {"style":{"spacing":{"blockGap":"var:preset|spacing|30"}},"layout":{"type":"flex","orientation":"vertical"}} -->
<div class="wp-block-group"><!-- wp:image {"id":56,"aspectRatio":"1","scale":"cover","sizeSlug":"large","linkDestination":"none","style":{"color":{"duotone":"unset"}}} -->
<figure class="wp-block-image size-large"><img src="https://noemipico.wordpress.com/wp-content/uploads/2025/02/miro.jpg?w=600" alt="" class="wp-image-56" style="aspect-ratio:1;object-fit:cover" /></figure>
<!-- /wp:image -->

<!-- wp:group {"style":{"spacing":{"blockGap":"8px"}},"layout":{"type":"flex","orientation":"vertical","flexWrap":"nowrap"}} -->
<div class="wp-block-group"><!-- wp:heading {"level":3} -->
<h3 class="wp-block-heading">Wireframe Web Marca Personal</h3>
<!-- /wp:heading -->

<!-- wp:paragraph {"style":{"typography":{"fontSize":"20px"}}} -->
<p style="font-size:20px">Miro</p>
<!-- /wp:paragraph -->

<!-- wp:paragraph -->
<p>Maquetación de página Web en Marca Personal. </p>
<!-- /wp:paragraph --></div>
<!-- /wp:group --></div>
<!-- /wp:group -->

<!-- wp:buttons -->
<div class="wp-block-buttons"><!-- wp:button -->
<div class="wp-block-button"><a class="wp-block-button__link wp-element-button">Ver Más...</a></div>
<!-- /wp:button --></div>
<!-- /wp:buttons --></div>
<!-- /wp:column --></div>
<!-- /wp:columns --></div>
<!-- /wp:group -->

<!-- wp:group {"metadata":{"categories":["services"],"name":"Services","patternName":"assembler/services-2"},"align":"full","className":"alignfull is-style-section-1","style":{"spacing":{"margin":{"top":"0","bottom":"0"},"blockGap":"var:preset|spacing|30","padding":{"top":"var:preset|spacing|40","bottom":"var:preset|spacing|40"}}},"layout":{"type":"constrained","justifyContent":"center"}} -->
<div class="wp-block-group alignfull is-style-section-1" style="margin-top:0;margin-bottom:0;padding-top:var(--wp--preset--spacing--40);padding-bottom:var(--wp--preset--spacing--40)"><!-- wp:columns {"align":"wide","style":{"spacing":{"blockGap":{"top":"var:preset|spacing|60","left":"var:preset|spacing|20"}}}} -->
<div class="wp-block-columns alignwide"><!-- wp:column {"style":{"spacing":{"blockGap":"0"}}} -->
<div class="wp-block-column"><!-- wp:group {"style":{"spacing":{"blockGap":"var:preset|spacing|30"}},"layout":{"type":"flex","orientation":"vertical","flexWrap":"nowrap"}} -->
<div class="wp-block-group"><!-- wp:image {"id":69,"aspectRatio":"1","scale":"cover","sizeSlug":"large","linkDestination":"none","style":{"color":{"duotone":"unset"}}} -->
<figure class="wp-block-image size-large"><img src="https://noemipico.wordpress.com/wp-content/uploads/2025/03/sitio-web.jpg?w=600" alt="" class="wp-image-69" style="aspect-ratio:1;object-fit:cover" /></figure>
<!-- /wp:image -->

<!-- wp:group {"style":{"spacing":{"blockGap":"8px"}},"layout":{"type":"flex","orientation":"vertical","flexWrap":"nowrap"}} -->
<div class="wp-block-group"><!-- wp:heading {"level":3} -->
<h3 class="wp-block-heading">Web:</h3>
<!-- /wp:heading -->

<!-- wp:paragraph {"style":{"typography":{"fontSize":"20px"}}} -->
<p style="font-size:20px">CMS: WordPress en Local Host</p>
<!-- /wp:paragraph -->

<!-- wp:paragraph -->
<p>Navegando por el intrincado tejido de la vida, las elecciones despliegan caminos hacia lo extraordinario, exigiendo creatividad, curiosidad y valentía para un viaje verdaderamente gratificante.</p>
<!-- /wp:paragraph -->

<!-- wp:buttons -->
<div class="wp-block-buttons"><!-- wp:button -->
<div class="wp-block-button"><a class="wp-block-button__link wp-element-button">Ver Más...</a></div>
<!-- /wp:button --></div>
<!-- /wp:buttons --></div>
<!-- /wp:group --></div>
<!-- /wp:group --></div>
<!-- /wp:column -->

<!-- wp:column {"style":{"spacing":{"blockGap":"0"}}} -->
<div class="wp-block-column"><!-- wp:group {"style":{"spacing":{"blockGap":"var:preset|spacing|30"}},"layout":{"type":"flex","orientation":"vertical"}} -->
<div class="wp-block-group"><!-- wp:image {"id":71,"aspectRatio":"1","scale":"cover","sizeSlug":"large","linkDestination":"none","style":{"color":{"duotone":"unset"}}} -->
<figure class="wp-block-image size-large"><img src="https://noemipico.wordpress.com/wp-content/uploads/2025/03/local-host-gratuito.jpg?w=600" alt="" class="wp-image-71" style="aspect-ratio:1;object-fit:cover" /></figure>
<!-- /wp:image -->

<!-- wp:group {"style":{"spacing":{"blockGap":"8px"}},"layout":{"type":"flex","orientation":"vertical","flexWrap":"nowrap"}} -->
<div class="wp-block-group"><!-- wp:heading {"level":3} -->
<h3 class="wp-block-heading">Web: Marca Personal</h3>
<!-- /wp:heading -->

<!-- wp:paragraph {"style":{"typography":{"fontSize":"20px"}}} -->
<p style="font-size:20px">CMS: WordPress en Housting</p>
<!-- /wp:paragraph -->

<!-- wp:paragraph -->
<p>Navegando por el intrincado tejido de la vida, las elecciones despliegan caminos hacia lo extraordinario, exigiendo creatividad, curiosidad y valentía para un viaje verdaderamente gratificante.</p>
<!-- /wp:paragraph -->

<!-- wp:buttons -->
<div class="wp-block-buttons"><!-- wp:button -->
<div class="wp-block-button"><a class="wp-block-button__link wp-element-button" href="#">Ver Más...</a></div>
<!-- /wp:button --></div>
<!-- /wp:buttons --></div>
<!-- /wp:group --></div>
<!-- /wp:group --></div>
<!-- /wp:column -->

<!-- wp:column {"style":{"spacing":{"blockGap":"0"}}} -->
<div class="wp-block-column"><!-- wp:group {"style":{"spacing":{"blockGap":"var:preset|spacing|30"}},"layout":{"type":"flex","orientation":"vertical"}} -->
<div class="wp-block-group"><!-- wp:image {"id":57,"aspectRatio":"1","scale":"cover","sizeSlug":"large","linkDestination":"none","style":{"color":{"duotone":"unset"}}} -->
<figure class="wp-block-image size-large"><img src="https://noemipico.wordpress.com/wp-content/uploads/2025/02/github.jpg?w=600" alt="" class="wp-image-57" style="aspect-ratio:1;object-fit:cover" /></figure>
<!-- /wp:image -->

<!-- wp:group {"style":{"spacing":{"blockGap":"8px"}},"layout":{"type":"flex","orientation":"vertical","flexWrap":"nowrap"}} -->
<div class="wp-block-group"><!-- wp:heading {"level":3} -->
<h3 class="wp-block-heading">GitHub Personal</h3>
<!-- /wp:heading -->

<!-- wp:paragraph {"style":{"typography":{"fontSize":"20px"}}} -->
<p style="font-size:20px">GitHub</p>
<!-- /wp:paragraph -->

<!-- wp:paragraph -->
<p>Almacenamiento en respaldos de proyectos.</p>
<!-- /wp:paragraph --></div>
<!-- /wp:group --></div>
<!-- /wp:group -->

<!-- wp:buttons -->
<div class="wp-block-buttons"><!-- wp:button -->
<div class="wp-block-button"><a class="wp-block-button__link wp-element-button">Ver Más...</a></div>
<!-- /wp:button --></div>
<!-- /wp:buttons --></div>
<!-- /wp:column --></div>
<!-- /wp:columns --></div>
<!-- /wp:group -->

<!-- wp:paragraph -->
<p></p>
<!-- /wp:paragraph -->]]></content:encoded>
  <excerpt:encoded><![CDATA[]]></excerpt:encoded>
  <wp:post_id>48</wp:post_id>
  <wp:post_date>2025-02-14 11:10:19</wp:post_date>
  <wp:post_date_gmt>2025-02-14 16:10:19</wp:post_date_gmt>
  <wp:post_modified>2025-03-18 22:06:11</wp:post_modified>
  <wp:post_modified_gmt>2025-03-19 03:06:11</wp:post_modified_gmt>
  <wp:comment_status>closed</wp:comment_status>
  <wp:ping_status>closed</wp:ping_status>
  <wp:post_name>portafolio</wp:post_name>
  <wp:status>publish</wp:status>
  <wp:post_parent>0</wp:post_parent>
  <wp:menu_order>0</wp:menu_order>
  <wp:post_type>page</wp:post_type>
  <wp:post_password/>
  <wp:is_sticky>0</wp:is_sticky>
  <wp:postmeta>
    <wp:meta_key>_g_feedback_shortcode_97000a44c18761d2578dc77b20ab394156eaef6f</wp:meta_key>
    <wp:meta_value><![CDATA[
				[contact-field label="Nombre" type="name"  required="true" /]
				[contact-field label="Correo electrónico" type="email" required="true" /]
				[contact-field label="Web" type="url" /]
				[contact-field label="Mensaje" type="textarea" /]]]></wp:meta_value>
  </wp:postmeta>
  <wp:postmeta>
    <wp:meta_key>_g_feedback_shortcode_atts_97000a44c18761d2578dc77b20ab394156eaef6f</wp:meta_key>
    <wp:meta_value><![CDATA[a:17:{s:2:"to";s:22:"piconoemi162@gmail.com";s:7:"subject";s:23:"[Noemi Pico] Portafolio";s:12:"show_subject";s:2:"no";s:6:"widget";i:0;s:14:"block_template";N;s:19:"block_template_part";N;s:2:"id";i:48;s:18:"submit_button_text";s:6:"Enviar";s:14:"customThankyou";s:0:"";s:21:"customThankyouHeading";s:24:"Se ha enviado tu mensaje";s:21:"customThankyouMessage";s:24:"¡Gracias por tu envío!";s:22:"customThankyouRedirect";s:0:"";s:10:"jetpackCRM";b:1;s:9:"className";N;s:9:"postToUrl";N;s:14:"salesforceData";N;s:12:"hiddenFields";N;}]]></wp:meta_value>
  </wp:postmeta>
  <wp:postmeta>
    <wp:meta_key>_last_editor_used_jetpack</wp:meta_key>
    <wp:meta_value><![CDATA[block-editor]]></wp:meta_value>
  </wp:postmeta>
  <wp:postmeta>
    <wp:meta_key>_publicize_pending</wp:meta_key>
    <wp:meta_value><![CDATA[1]]></wp:meta_value>
  </wp:postmeta>
  <wp:postmeta>
    <wp:meta_key>advanced_seo_description</wp:meta_key>
    <wp:meta_value><![CDATA[]]></wp:meta_value>
  </wp:postmeta>
  <wp:postmeta>
    <wp:meta_key>jetpack_seo_html_title</wp:meta_key>
    <wp:meta_value><![CDATA[]]></wp:meta_value>
  </wp:postmeta>
  <wp:postmeta>
    <wp:meta_key>jetpack_seo_noindex</wp:meta_key>
    <wp:meta_value><![CDATA[]]></wp:meta_value>
  </wp:postmeta>
  <wp:postmeta>
    <wp:meta_key>_jetpack_post_was_ever_published</wp:meta_key>
    <wp:meta_value><![CDATA[]]></wp:meta_value>
  </wp:postmeta>
  <wp:postmeta>
    <wp:meta_key>reader_suggested_tags</wp:meta_key>
    <wp:meta_value><![CDATA[]]></wp:meta_value>
  </wp:postmeta>
  <wp:postmeta>
    <wp:meta_key>_starter_page_template</wp:meta_key>
    <wp:meta_value><![CDATA[services-3]]></wp:meta_value>
  </wp:postmeta>
  <wp:postmeta>
    <wp:meta_key>_wpcom_template_layout_category</wp:meta_key>
    <wp:meta_value><![CDATA[a:1:{i:0;s:8:"services";}]]></wp:meta_value>
  </wp:postmeta>
  <wp:postmeta>
    <wp:meta_key>footnotes</wp:meta_key>
    <wp:meta_value><![CDATA[]]></wp:meta_value>
  </wp:postmeta>
  <wp:postmeta>
    <wp:meta_key>_elasticsearch_data_sharing_indexed_on</wp:meta_key>
    <wp:meta_value><![CDATA[2025-02-14 16:07:26]]></wp:meta_value>
  </wp:postmeta>
</item>
<item>
  <title><![CDATA[dejavu]]></title>
  <link>https://noemipico.wordpress.com/portafolio/dejavu/</link>
  <pubDate>Fri, 14 Feb 2025 15:57:30 +0000</pubDate>
  <dc:creator>piconoemi162</dc:creator>
  <guid isPermaLink="false">http://noemipico.files.wordpress.com/2025/02/dejavu.jpg</guid>
  <description/>
  <content:encoded><![CDATA[]]></content:encoded>
  <excerpt:encoded><![CDATA[]]></excerpt:encoded>
  <wp:post_id>53</wp:post_id>
  <wp:post_date>2025-02-14 10:57:30</wp:post_date>
  <wp:post_date_gmt>2025-02-14 15:57:30</wp:post_date_gmt>
  <wp:post_modified>2025-02-14 10:57:30</wp:post_modified>
  <wp:post_modified_gmt>2025-02-14 15:57:30</wp:post_modified_gmt>
  <wp:comment_status>open</wp:comment_status>
  <wp:ping_status>closed</wp:ping_status>
  <wp:post_name>dejavu</wp:post_name>
  <wp:status>inherit</wp:status>
  <wp:post_parent>48</wp:post_parent>
  <wp:menu_order>0</wp:menu_order>
  <wp:post_type>attachment</wp:post_type>
  <wp:post_password/>
  <wp:is_sticky>0</wp:is_sticky>
  <wp:attachment_url>https://noemipico.wordpress.com/wp-content/uploads/2025/02/dejavu.jpg</wp:attachment_url>
  <wp:postmeta>
    <wp:meta_key>_wp_attached_file</wp:meta_key>
    <wp:meta_value><![CDATA[/home/wpcom/public_html/wp-content/blogs.dir/2b2/241190616/files/2025/02/dejavu.jpg]]></wp:meta_value>
  </wp:postmeta>
  <wp:postmeta>
    <wp:meta_key>_wp_attachment_metadata</wp:meta_key>
    <wp:meta_value><![CDATA[a:6:{s:5:"width";i:600;s:6:"height";i:600;s:4:"file";s:83:"/home/wpcom/public_html/wp-content/blogs.dir/2b2/241190616/files/2025/02/dejavu.jpg";s:8:"filesize";i:32476;s:5:"sizes";a:0:{}s:10:"image_meta";a:12:{s:8:"aperture";s:1:"0";s:6:"credit";s:0:"";s:6:"camera";s:0:"";s:7:"caption";s:0:"";s:17:"created_timestamp";s:1:"0";s:9:"copyright";s:0:"";s:12:"focal_length";s:1:"0";s:3:"iso";s:1:"0";s:13:"shutter_speed";s:1:"0";s:5:"title";s:0:"";s:11:"orientation";s:1:"1";s:8:"keywords";a:0:{}}}]]></wp:meta_value>
  </wp:postmeta>
</item>
<item>
  <title><![CDATA[blog]]></title>
  <link>https://noemipico.wordpress.com/portafolio/blog-2/</link>
  <pubDate>Fri, 14 Feb 2025 15:58:53 +0000</pubDate>
  <dc:creator>piconoemi162</dc:creator>
  <guid isPermaLink="false">http://noemipico.files.wordpress.com/2025/02/blog.jpg</guid>
  <description/>
  <content:encoded><![CDATA[]]></content:encoded>
  <excerpt:encoded><![CDATA[]]></excerpt:encoded>
  <wp:post_id>54</wp:post_id>
  <wp:post_date>2025-02-14 10:58:53</wp:post_date>
  <wp:post_date_gmt>2025-02-14 15:58:53</wp:post_date_gmt>
  <wp:post_modified>2025-02-14 10:58:53</wp:post_modified>
  <wp:post_modified_gmt>2025-02-14 15:58:53</wp:post_modified_gmt>
  <wp:comment_status>open</wp:comment_status>
  <wp:ping_status>closed</wp:ping_status>
  <wp:post_name>blog-2</wp:post_name>
  <wp:status>inherit</wp:status>
  <wp:post_parent>48</wp:post_parent>
  <wp:menu_order>0</wp:menu_order>
  <wp:post_type>attachment</wp:post_type>
  <wp:post_password/>
  <wp:is_sticky>0</wp:is_sticky>
  <wp:attachment_url>https://noemipico.wordpress.com/wp-content/uploads/2025/02/blog.jpg</wp:attachment_url>
  <wp:postmeta>
    <wp:meta_key>_wp_attached_file</wp:meta_key>
    <wp:meta_value><![CDATA[/home/wpcom/public_html/wp-content/blogs.dir/2b2/241190616/files/2025/02/blog.jpg]]></wp:meta_value>
  </wp:postmeta>
  <wp:postmeta>
    <wp:meta_key>_wp_attachment_metadata</wp:meta_key>
    <wp:meta_value><![CDATA[a:6:{s:5:"width";i:600;s:6:"height";i:600;s:4:"file";s:81:"/home/wpcom/public_html/wp-content/blogs.dir/2b2/241190616/files/2025/02/blog.jpg";s:8:"filesize";i:37829;s:5:"sizes";a:0:{}s:10:"image_meta";a:12:{s:8:"aperture";s:1:"0";s:6:"credit";s:0:"";s:6:"camera";s:0:"";s:7:"caption";s:0:"";s:17:"created_timestamp";s:1:"0";s:9:"copyright";s:0:"";s:12:"focal_length";s:1:"0";s:3:"iso";s:1:"0";s:13:"shutter_speed";s:1:"0";s:5:"title";s:0:"";s:11:"orientation";s:1:"1";s:8:"keywords";a:0:{}}}]]></wp:meta_value>
  </wp:postmeta>
</item>
<item>
  <title><![CDATA[marca personal]]></title>
  <link>https://noemipico.wordpress.com/portafolio/marca-personal/</link>
  <pubDate>Fri, 14 Feb 2025 16:01:01 +0000</pubDate>
  <dc:creator>piconoemi162</dc:creator>
  <guid isPermaLink="false">http://noemipico.files.wordpress.com/2025/02/marca-personal.jpg</guid>
  <description/>
  <content:encoded><![CDATA[]]></content:encoded>
  <excerpt:encoded><![CDATA[]]></excerpt:encoded>
  <wp:post_id>55</wp:post_id>
  <wp:post_date>2025-02-14 11:01:01</wp:post_date>
  <wp:post_date_gmt>2025-02-14 16:01:01</wp:post_date_gmt>
  <wp:post_modified>2025-02-14 11:01:01</wp:post_modified>
  <wp:post_modified_gmt>2025-02-14 16:01:01</wp:post_modified_gmt>
  <wp:comment_status>open</wp:comment_status>
  <wp:ping_status>closed</wp:ping_status>
  <wp:post_name>marca-personal</wp:post_name>
  <wp:status>inherit</wp:status>
  <wp:post_parent>48</wp:post_parent>
  <wp:menu_order>0</wp:menu_order>
  <wp:post_type>attachment</wp:post_type>
  <wp:post_password/>
  <wp:is_sticky>0</wp:is_sticky>
  <wp:attachment_url>https://noemipico.wordpress.com/wp-content/uploads/2025/02/marca-personal.jpg</wp:attachment_url>
  <wp:postmeta>
    <wp:meta_key>_wp_attached_file</wp:meta_key>
    <wp:meta_value><![CDATA[/home/wpcom/public_html/wp-content/blogs.dir/2b2/241190616/files/2025/02/marca-personal.jpg]]></wp:meta_value>
  </wp:postmeta>
  <wp:postmeta>
    <wp:meta_key>_wp_attachment_metadata</wp:meta_key>
    <wp:meta_value><![CDATA[a:6:{s:5:"width";i:600;s:6:"height";i:600;s:4:"file";s:91:"/home/wpcom/public_html/wp-content/blogs.dir/2b2/241190616/files/2025/02/marca-personal.jpg";s:8:"filesize";i:33170;s:5:"sizes";a:0:{}s:10:"image_meta";a:12:{s:8:"aperture";s:1:"0";s:6:"credit";s:0:"";s:6:"camera";s:0:"";s:7:"caption";s:0:"";s:17:"created_timestamp";s:1:"0";s:9:"copyright";s:0:"";s:12:"focal_length";s:1:"0";s:3:"iso";s:1:"0";s:13:"shutter_speed";s:1:"0";s:5:"title";s:0:"";s:11:"orientation";s:1:"1";s:8:"keywords";a:0:{}}}]]></wp:meta_value>
  </wp:postmeta>
</item>
<item>
  <title><![CDATA[miro]]></title>
  <link>https://noemipico.wordpress.com/portafolio/miro/</link>
  <pubDate>Fri, 14 Feb 2025 16:01:47 +0000</pubDate>
  <dc:creator>piconoemi162</dc:creator>
  <guid isPermaLink="false">http://noemipico.files.wordpress.com/2025/02/miro.jpg</guid>
  <description/>
  <content:encoded><![CDATA[]]></content:encoded>
  <excerpt:encoded><![CDATA[]]></excerpt:encoded>
  <wp:post_id>56</wp:post_id>
  <wp:post_date>2025-02-14 11:01:47</wp:post_date>
  <wp:post_date_gmt>2025-02-14 16:01:47</wp:post_date_gmt>
  <wp:post_modified>2025-02-14 11:01:47</wp:post_modified>
  <wp:post_modified_gmt>2025-02-14 16:01:47</wp:post_modified_gmt>
  <wp:comment_status>open</wp:comment_status>
  <wp:ping_status>closed</wp:ping_status>
  <wp:post_name>miro</wp:post_name>
  <wp:status>inherit</wp:status>
  <wp:post_parent>48</wp:post_parent>
  <wp:menu_order>0</wp:menu_order>
  <wp:post_type>attachment</wp:post_type>
  <wp:post_password/>
  <wp:is_sticky>0</wp:is_sticky>
  <wp:attachment_url>https://noemipico.wordpress.com/wp-content/uploads/2025/02/miro.jpg</wp:attachment_url>
  <wp:postmeta>
    <wp:meta_key>_wp_attached_file</wp:meta_key>
    <wp:meta_value><![CDATA[/home/wpcom/public_html/wp-content/blogs.dir/2b2/241190616/files/2025/02/miro.jpg]]></wp:meta_value>
  </wp:postmeta>
  <wp:postmeta>
    <wp:meta_key>_wp_attachment_metadata</wp:meta_key>
    <wp:meta_value><![CDATA[a:6:{s:5:"width";i:600;s:6:"height";i:600;s:4:"file";s:81:"/home/wpcom/public_html/wp-content/blogs.dir/2b2/241190616/files/2025/02/miro.jpg";s:8:"filesize";i:31046;s:5:"sizes";a:0:{}s:10:"image_meta";a:12:{s:8:"aperture";s:1:"0";s:6:"credit";s:0:"";s:6:"camera";s:0:"";s:7:"caption";s:0:"";s:17:"created_timestamp";s:1:"0";s:9:"copyright";s:0:"";s:12:"focal_length";s:1:"0";s:3:"iso";s:1:"0";s:13:"shutter_speed";s:1:"0";s:5:"title";s:0:"";s:11:"orientation";s:1:"1";s:8:"keywords";a:0:{}}}]]></wp:meta_value>
  </wp:postmeta>
</item>
<item>
  <title><![CDATA[github]]></title>
  <link>https://noemipico.wordpress.com/portafolio/github/</link>
  <pubDate>Fri, 14 Feb 2025 16:02:59 +0000</pubDate>
  <dc:creator>piconoemi162</dc:creator>
  <guid isPermaLink="false">http://noemipico.files.wordpress.com/2025/02/github.jpg</guid>
  <description/>
  <content:encoded><![CDATA[]]></content:encoded>
  <excerpt:encoded><![CDATA[]]></excerpt:encoded>
  <wp:post_id>57</wp:post_id>
  <wp:post_date>2025-02-14 11:02:59</wp:post_date>
  <wp:post_date_gmt>2025-02-14 16:02:59</wp:post_date_gmt>
  <wp:post_modified>2025-02-14 11:02:59</wp:post_modified>
  <wp:post_modified_gmt>2025-02-14 16:02:59</wp:post_modified_gmt>
  <wp:comment_status>open</wp:comment_status>
  <wp:ping_status>closed</wp:ping_status>
  <wp:post_name>github</wp:post_name>
  <wp:status>inherit</wp:status>
  <wp:post_parent>48</wp:post_parent>
  <wp:menu_order>0</wp:menu_order>
  <wp:post_type>attachment</wp:post_type>
  <wp:post_password/>
  <wp:is_sticky>0</wp:is_sticky>
  <wp:attachment_url>https://noemipico.wordpress.com/wp-content/uploads/2025/02/github.jpg</wp:attachment_url>
  <wp:postmeta>
    <wp:meta_key>_wp_attached_file</wp:meta_key>
    <wp:meta_value><![CDATA[/home/wpcom/public_html/wp-content/blogs.dir/2b2/241190616/files/2025/02/github.jpg]]></wp:meta_value>
  </wp:postmeta>
  <wp:postmeta>
    <wp:meta_key>_wp_attachment_metadata</wp:meta_key>
    <wp:meta_value><![CDATA[a:6:{s:5:"width";i:600;s:6:"height";i:600;s:4:"file";s:83:"/home/wpcom/public_html/wp-content/blogs.dir/2b2/241190616/files/2025/02/github.jpg";s:8:"filesize";i:36637;s:5:"sizes";a:0:{}s:10:"image_meta";a:12:{s:8:"aperture";s:1:"0";s:6:"credit";s:0:"";s:6:"camera";s:0:"";s:7:"caption";s:0:"";s:17:"created_timestamp";s:1:"0";s:9:"copyright";s:0:"";s:12:"focal_length";s:1:"0";s:3:"iso";s:1:"0";s:13:"shutter_speed";s:1:"0";s:5:"title";s:0:"";s:11:"orientation";s:1:"1";s:8:"keywords";a:0:{}}}]]></wp:meta_value>
  </wp:postmeta>
</item>
<item>
  <title><![CDATA[sitio web]]></title>
  <link>https://noemipico.wordpress.com/portafolio/sitio-web/</link>
  <pubDate>Wed, 19 Mar 2025 03:03:34 +0000</pubDate>
  <dc:creator>piconoemi162</dc:creator>
  <guid isPermaLink="false">http://noemipico.files.wordpress.com/2025/03/sitio-web.jpg</guid>
  <description/>
  <content:encoded><![CDATA[]]></content:encoded>
  <excerpt:encoded><![CDATA[]]></excerpt:encoded>
  <wp:post_id>69</wp:post_id>
  <wp:post_date>2025-03-18 22:03:34</wp:post_date>
  <wp:post_date_gmt>2025-03-19 03:03:34</wp:post_date_gmt>
  <wp:post_modified>2025-03-18 22:03:34</wp:post_modified>
  <wp:post_modified_gmt>2025-03-19 03:03:34</wp:post_modified_gmt>
  <wp:comment_status>open</wp:comment_status>
  <wp:ping_status>closed</wp:ping_status>
  <wp:post_name>sitio-web</wp:post_name>
  <wp:status>inherit</wp:status>
  <wp:post_parent>48</wp:post_parent>
  <wp:menu_order>0</wp:menu_order>
  <wp:post_type>attachment</wp:post_type>
  <wp:post_password/>
  <wp:is_sticky>0</wp:is_sticky>
  <wp:attachment_url>https://noemipico.wordpress.com/wp-content/uploads/2025/03/sitio-web.jpg</wp:attachment_url>
  <wp:postmeta>
    <wp:meta_key>_wp_attached_file</wp:meta_key>
    <wp:meta_value><![CDATA[/home/wpcom/public_html/wp-content/blogs.dir/2b2/241190616/files/2025/03/sitio-web.jpg]]></wp:meta_value>
  </wp:postmeta>
  <wp:postmeta>
    <wp:meta_key>_wp_attachment_metadata</wp:meta_key>
    <wp:meta_value><![CDATA[a:6:{s:5:"width";i:600;s:6:"height";i:600;s:4:"file";s:86:"/home/wpcom/public_html/wp-content/blogs.dir/2b2/241190616/files/2025/03/sitio-web.jpg";s:8:"filesize";i:34608;s:5:"sizes";a:0:{}s:10:"image_meta";a:12:{s:8:"aperture";s:1:"0";s:6:"credit";s:0:"";s:6:"camera";s:0:"";s:7:"caption";s:0:"";s:17:"created_timestamp";s:1:"0";s:9:"copyright";s:0:"";s:12:"focal_length";s:1:"0";s:3:"iso";s:1:"0";s:13:"shutter_speed";s:1:"0";s:5:"title";s:0:"";s:11:"orientation";s:1:"1";s:8:"keywords";a:0:{}}}]]></wp:meta_value>
  </wp:postmeta>
</item>
<item>
  <title><![CDATA[local host gratuito]]></title>
  <link>https://noemipico.wordpress.com/portafolio/local-host-gratuito/</link>
  <pubDate>Wed, 19 Mar 2025 03:06:07 +0000</pubDate>
  <dc:creator>piconoemi162</dc:creator>
  <guid isPermaLink="false">http://noemipico.files.wordpress.com/2025/03/local-host-gratuito.jpg</guid>
  <description/>
  <content:encoded><![CDATA[]]></content:encoded>
  <excerpt:encoded><![CDATA[]]></excerpt:encoded>
  <wp:post_id>71</wp:post_id>
  <wp:post_date>2025-03-18 22:06:07</wp:post_date>
  <wp:post_date_gmt>2025-03-19 03:06:07</wp:post_date_gmt>
  <wp:post_modified>2025-03-18 22:06:07</wp:post_modified>
  <wp:post_modified_gmt>2025-03-19 03:06:07</wp:post_modified_gmt>
  <wp:comment_status>open</wp:comment_status>
  <wp:ping_status>closed</wp:ping_status>
  <wp:post_name>local-host-gratuito</wp:post_name>
  <wp:status>inherit</wp:status>
  <wp:post_parent>48</wp:post_parent>
  <wp:menu_order>0</wp:menu_order>
  <wp:post_type>attachment</wp:post_type>
  <wp:post_password/>
  <wp:is_sticky>0</wp:is_sticky>
  <wp:attachment_url>https://noemipico.wordpress.com/wp-content/uploads/2025/03/local-host-gratuito.jpg</wp:attachment_url>
  <wp:postmeta>
    <wp:meta_key>_wp_attached_file</wp:meta_key>
    <wp:meta_value><![CDATA[/home/wpcom/public_html/wp-content/blogs.dir/2b2/241190616/files/2025/03/local-host-gratuito.jpg]]></wp:meta_value>
  </wp:postmeta>
  <wp:postmeta>
    <wp:meta_key>_wp_attachment_metadata</wp:meta_key>
    <wp:meta_value><![CDATA[a:6:{s:5:"width";i:600;s:6:"height";i:600;s:4:"file";s:96:"/home/wpcom/public_html/wp-content/blogs.dir/2b2/241190616/files/2025/03/local-host-gratuito.jpg";s:8:"filesize";i:30268;s:5:"sizes";a:0:{}s:10:"image_meta";a:12:{s:8:"aperture";s:1:"0";s:6:"credit";s:0:"";s:6:"camera";s:0:"";s:7:"caption";s:0:"";s:17:"created_timestamp";s:1:"0";s:9:"copyright";s:0:"";s:12:"focal_length";s:1:"0";s:3:"iso";s:1:"0";s:13:"shutter_speed";s:1:"0";s:5:"title";s:0:"";s:11:"orientation";s:1:"1";s:8:"keywords";a:0:{}}}]]></wp:meta_value>
  </wp:postmeta>
</item>
  </channel>
</rss>
